pass_type,distance,pressure,outcome,player_positions,start,end
short,18.0,0.0,success,"{'home': {'GK': (5.0, 40.0), 'LCB': (15.0, 35.0), 'RCB': (15.0, 45.0), 'LB': (15.0, 20.0), 'RB': (15.0, 60.0), 'LCM': (30.0, 25.0), 'RCM': (30.0, 55.0), 'CDM': (25.0, 40.0), 'LW': (40.0, 20.0), 'ST': (40.0, 40.0), 'RW': (40.0, 60.0)}, 'away': {'GK': (75.0, 40.0), 'LCB': (65.0, 45.0), 'RCB': (65.0, 35.0), 'LB': (65.0, 60.0), 'RB': (65.0, 20.0), 'LCM': (50.0, 55.0), 'RCM': (50.0, 25.0), 'CDM': (55.0, 40.0), 'LW': (40.0, 60.0), 'ST': (40.0, 40.0), 'RW': (40.0, 20.0)}}","(40.0, 40.0)","(30.0, 55.0)"
short,16.7,0.0,success,"{'home': {'GK': (7.8, 40.5), 'LCB': (18.0, 35.8), 'RCB': (21.1, 45.0), 'LB': (21.1, 22.3), 'RB': (18.4, 57.8), 'LCM': (31.4, 22.8), 'RCM': (34.3, 55.0), 'CDM': (28.1, 39.5), 'LW': (48.1, 20.7), 'ST': (46.5, 41.7), 'RW': (46.1, 61.7)}, 'away': {'GK': (77.1, 41.6), 'LCB': (66.8, 47.1), 'RCB': (67.9, 37.0), 'LB': (68.2, 59.6), 'RB': (68.0, 23.1), 'LCM': (53.1, 56.5), 'RCM': (50.6, 26.9), 'CDM': (56.5, 43.1), 'LW': (41.0, 60.4), 'ST': (42.6, 41.0), 'RW': (40.3, 23.9)}}","(34.3, 55.0)","(28.1, 39.5)"
short,18.8,0.0,success,"{'home': {'GK': (7.2, 40.4), 'LCB': (17.9, 35.9), 'RCB': (21.3, 46.1), 'LB': (23.4, 20.6), 'RB': (18.9, 57.9), 'LCM': (32.8, 21.3), 'RCM': (35.5, 55.6), 'CDM': (28.3, 38.7), 'LW': (49.3, 22.3), 'ST': (49.9, 42.0), 'RW': (46.3, 62.9)}, 'away': {'GK': (78.4, 40.3), 'LCB': (67.4, 47.0), 'RCB': (68.7, 35.6), 'LB': (69.9, 58.7), 'RB': (68.1, 24.3), 'LCM': (52.5, 55.2), 'RCM': (50.3, 27.4), 'CDM': (57.6, 41.3), 'LW': (41.6, 58.2), 'ST': (45.1, 41.0), 'RW': (41.0, 24.9)}}","(28.3, 38.7)","(23.4, 20.6)"
short,19.1,0.0,success,"{'home': {'GK': (9.5, 40.4), 'LCB': (18.5, 36.4), 'RCB': (21.2, 45.7), 'LB': (23.7, 21.3), 'RB': (21.9, 58.7), 'LCM': (34.5, 22.6), 'RCM': (35.0, 54.6), 'CDM': (29.8, 39.3), 'LW': (49.5, 21.0), 'ST': (51.1, 43.1), 'RW': (48.2, 63.0)}, 'away': {'GK': (77.2, 38.4), 'LCB': (67.3, 46.4), 'RCB': (69.1, 35.5), 'LB': (70.6, 56.0), 'RB': (70.0, 22.8), 'LCM': (53.0, 53.2), 'RCM': (51.0, 26.6), 'CDM': (59.4, 41.0), 'LW': (42.3, 57.4), 'ST': (46.1, 41.0), 'RW': (40.3, 23.6)}}","(23.7, 21.3)","(29.8, 39.3)"
short,14.1,0.0,success,"{'home': {'GK': (10.5, 40.8), 'LCB': (18.1, 38.0), 'RCB': (23.6, 44.9), 'LB': (25.8, 22.4), 'RB': (25.1, 58.5), 'LCM': (35.0, 24.4), 'RCM': (36.0, 55.1), 'CDM': (32.2, 39.1), 'LW': (53.1, 20.2), 'ST': (50.5, 41.6), 'RW': (48.1, 63.5)}, 'away': {'GK': (78.4, 39.4), 'LCB': (67.1, 45.5), 'RCB': (69.7, 34.5), 'LB': (71.1, 55.0), 'RB': (71.1, 24.0), 'LCM': (52.9, 53.0), 'RCM': (53.3, 28.1), 'CDM': (59.6, 41.3), 'LW': (42.6, 56.8), 'ST': (44.9, 40.5), 'RW': (42.2, 23.0)}}","(32.2, 39.1)","(18.1, 38.0)"
short,11.6,0.0,failed,"{'home': {'GK': (10.5, 40.6), 'LCB': (22.7, 36.8), 'RCB': (25.0, 45.5), 'LB': (28.1, 21.9), 'RB': (25.1, 58.6), 'LCM': (36.4, 23.6), 'RCM': (36.8, 54.5), 'CDM': (34.3, 37.4), 'LW': (55.5, 21.3), 'ST': (54.9, 42.3), 'RW': (50.2, 61.5)}, 'away': {'GK': (79.2, 39.8), 'LCB': (68.9, 46.0), 'RCB': (68.8, 33.9), 'LB': (71.5, 53.9), 'RB': (69.7, 23.9), 'LCM': (53.4, 52.7), 'RCM': (54.7, 27.3), 'CDM': (59.1, 41.1), 'LW': (44.8, 56.7), 'ST': (45.2, 39.7), 'RW': (42.9, 22.4)}}","(22.7, 36.8)","(34.3, 37.4)"
short,14.3,0.0,success,"{'home': {'GK': (10.5, 42.0), 'LCB': (24.2, 37.8), 'RCB': (25.3, 43.9), 'LB': (27.1, 23.1), 'RB': (24.5, 59.0), 'LCM': (33.2, 22.8), 'RCM': (34.6, 55.7), 'CDM': (32.0, 37.9), 'LW': (56.2, 23.9), 'ST': (53.0, 41.4), 'RW': (48.3, 61.7)}, 'away': {'GK': (77.4, 40.6), 'LCB': (66.7, 45.4), 'RCB': (64.7, 32.6), 'LB': (70.9, 53.9), 'RB': (69.6, 24.7), 'LCM': (49.1, 53.5), 'RCM': (53.6, 25.3), 'CDM': (57.2, 42.0), 'LW': (40.9, 56.4), 'ST': (41.6, 41.1), 'RW': (40.4, 23.7)}}","(24.2, 37.8)","(10.5, 42.0)"
,nan,0.0,success,"{'home': {'GK': (9.2, 42.5), 'LCB': (22.2, 37.8), 'RCB': (24.2, 43.3), 'LB': (25.3, 23.6), 'RB': (23.4, 57.9), 'LCM': (33.1, 24.7), 'RCM': (37.5, 54.2), 'CDM': (30.8, 36.7), 'LW': (54.6, 23.4), 'ST': (50.2, 41.5), 'RW': (47.8, 60.3)}, 'away': {'GK': (76.4, 38.4), 'LCB': (65.6, 45.8), 'RCB': (63.8, 35.6), 'LB': (65.9, 55.1), 'RB': (65.7, 23.0), 'LCM': (50.5, 51.8), 'RCM': (52.0, 26.3), 'CDM': (58.9, 39.7), 'LW': (40.1, 56.8), 'ST': (39.7, 42.9), 'RW': (41.4, 23.1)}}","(39.7, 42.9)","(76.4, 38.4)"
medium,26.8,0.0,failed,"{'home': {'GK': (10.5, 39.5), 'LCB': (22.1, 38.3), 'RCB': (24.3, 43.5), 'LB': (24.3, 24.3), 'RB': (24.6, 58.8), 'LCM': (32.5, 23.9), 'RCM': (37.3, 55.2), 'CDM': (31.1, 37.9), 'LW': (53.3, 22.7), 'ST': (48.9, 39.3), 'RW': (46.8, 60.0)}, 'away': {'GK': (74.7, 39.8), 'LCB': (65.3, 46.6), 'RCB': (64.4, 33.8), 'LB': (65.9, 56.3), 'RB': (66.6, 22.8), 'LCM': (50.1, 50.8), 'RCM': (48.2, 28.8), 'CDM': (56.1, 38.1), 'LW': (38.2, 58.2), 'ST': (37.8, 42.3), 'RW': (40.3, 23.1)}}","(48.9, 39.3)","(22.1, 38.3)"
medium,36.4,0.3,success,"{'home': {'GK': (8.8, 38.7), 'LCB': (19.6, 37.4), 'RCB': (21.3, 44.0), 'LB': (22.0, 23.2), 'RB': (22.5, 58.8), 'LCM': (31.5, 25.6), 'RCM': (37.3, 55.3), 'CDM': (28.6, 39.3), 'LW': (51.2, 23.7), 'ST': (45.0, 39.9), 'RW': (45.1, 59.1)}, 'away': {'GK': (73.9, 39.6), 'LCB': (64.7, 46.9), 'RCB': (61.3, 33.3), 'LB': (61.5, 55.0), 'RB': (65.8, 23.9), 'LCM': (47.8, 52.4), 'RCM': (45.6, 28.4), 'CDM': (53.1, 40.0), 'LW': (35.8, 58.8), 'ST': (37.5, 41.2), 'RW': (40.5, 21.9)}}","(73.9, 39.6)","(37.5, 41.2)"
,nan,0.0,success,"{'home': {'GK': (7.6, 39.2), 'LCB': (19.3, 38.3), 'RCB': (18.8, 43.2), 'LB': (19.3, 22.8), 'RB': (21.4, 57.2), 'LCM': (31.2, 26.6), 'RCM': (35.9, 53.8), 'CDM': (26.8, 38.4), 'LW': (47.1, 23.5), 'ST': (43.5, 38.9), 'RW': (42.4, 59.5)}, 'away': {'GK': (71.0, 38.9), 'LCB': (60.5, 47.0), 'RCB': (60.9, 33.5), 'LB': (60.5, 55.9), 'RB': (62.3, 24.3), 'LCM': (45.8, 54.3), 'RCM': (43.6, 26.3), 'CDM': (48.5, 38.9), 'LW': (34.7, 59.6), 'ST': (36.0, 41.0), 'RW': (38.0, 22.7)}}","(36.0, 41.0)","(71.0, 38.9)"
medium,36.2,0.4,success,"{'home': {'GK': (6.4, 38.7), 'LCB': (18.6, 38.0), 'RCB': (18.1, 43.9), 'LB': (18.1, 22.2), 'RB': (20.9, 55.8), 'LCM': (29.9, 27.5), 'RCM': (32.6, 53.6), 'CDM': (24.9, 39.5), 'LW': (45.5, 22.6), 'ST': (40.7, 39.2), 'RW': (41.5, 59.0)}, 'away': {'GK': (71.6, 40.7), 'LCB': (58.9, 46.3), 'RCB': (60.3, 34.5), 'LB': (57.4, 56.0), 'RB': (59.7, 25.4), 'LCM': (44.2, 53.7), 'RCM': (41.3, 26.1), 'CDM': (45.1, 39.1), 'LW': (34.0, 60.0), 'ST': (35.4, 41.3), 'RW': (38.8, 22.4)}}","(71.6, 40.7)","(35.4, 41.3)"
long,42.0,0.2,success,"{'home': {'GK': (6.1, 39.7), 'LCB': (16.8, 38.0), 'RCB': (16.0, 43.1), 'LB': (16.9, 23.4), 'RB': (19.7, 56.0), 'LCM': (28.2, 28.0), 'RCM': (31.7, 53.4), 'CDM': (24.6, 40.2), 'LW': (44.0, 23.5), 'ST': (39.6, 39.3), 'RW': (41.7, 58.0)}, 'away': {'GK': (69.5, 41.0), 'LCB': (57.9, 46.7), 'RCB': (57.8, 36.2), 'LB': (54.5, 56.4), 'RB': (57.5, 23.9), 'LCM': (42.5, 53.5), 'RCM': (39.8, 24.5), 'CDM': (44.8, 37.6), 'LW': (32.9, 61.7), 'ST': (35.4, 41.3), 'RW': (38.1, 20.6)}}","(69.5, 41.0)","(32.9, 61.7)"
,nan,0.0,success,"{'home': {'GK': (5.4, 41.2), 'LCB': (14.0, 38.1), 'RCB': (15.1, 45.2), 'LB': (15.1, 24.2), 'RB': (18.6, 56.8), 'LCM': (27.0, 28.1), 'RCM': (31.8, 54.0), 'CDM': (22.9, 40.8), 'LW': (41.1, 24.3), 'ST': (38.3, 40.9), 'RW': (40.0, 59.1)}, 'away': {'GK': (70.6, 42.5), 'LCB': (57.0, 46.8), 'RCB': (57.8, 36.3), 'LB': (53.6, 58.5), 'RB': (55.5, 24.7), 'LCM': (38.4, 52.8), 'RCM': (39.9, 26.3), 'CDM': (44.7, 36.4), 'LW': (31.7, 62.1), 'ST': (34.9, 39.5), 'RW': (36.9, 19.6)}}","(31.7, 62.1)","(70.6, 42.5)"
medium,29.7,0.0,success,"{'home': {'GK': (7.6, 39.6), 'LCB': (18.0, 37.9), 'RCB': (16.1, 44.7), 'LB': (18.6, 23.4), 'RB': (19.7, 55.4), 'LCM': (29.9, 25.6), 'RCM': (31.8, 52.0), 'CDM': (25.6, 39.5), 'LW': (42.4, 24.5), 'ST': (42.9, 40.6), 'RW': (42.0, 56.4)}, 'away': {'GK': (72.0, 41.5), 'LCB': (58.7, 45.6), 'RCB': (58.7, 36.2), 'LB': (55.6, 56.4), 'RB': (56.0, 25.4), 'LCM': (41.0, 52.4), 'RCM': (41.7, 27.4), 'CDM': (48.6, 37.3), 'LW': (31.7, 59.6), 'ST': (35.8, 40.8), 'RW': (36.3, 20.3)}}","(42.9, 40.6)","(18.6, 23.4)"
,nan,0.0,success,"{'home': {'GK': (7.0, 37.3), 'LCB': (15.4, 34.9), 'RCB': (13.2, 42.9), 'LB': (16.9, 22.0), 'RB': (19.5, 55.2), 'LCM': (31.8, 25.1), 'RCM': (31.5, 48.8), 'CDM': (26.5, 39.1), 'LW': (42.2, 22.2), 'ST': (40.7, 38.5), 'RW': (40.3, 54.7)}, 'away': {'GK': (71.5, 41.1), 'LCB': (58.1, 43.4), 'RCB': (55.0, 35.1), 'LB': (57.9, 53.6), 'RB': (54.9, 22.6), 'LCM': (39.0, 53.0), 'RCM': (43.1, 28.9), 'CDM': (47.1, 35.8), 'LW': (33.9, 57.8), 'ST': (29.5, 42.5), 'RW': (32.3, 21.0)}}","(32.3, 21.0)","(71.5, 41.1)"
long,46.2,0.3,success,"{'home': {'GK': (7.2, 37.0), 'LCB': (15.6, 36.1), 'RCB': (12.3, 42.6), 'LB': (15.2, 21.6), 'RB': (18.4, 56.3), 'LCM': (31.0, 26.6), 'RCM': (29.6, 49.8), 'CDM': (24.9, 38.3), 'LW': (39.5, 23.3), 'ST': (39.6, 38.4), 'RW': (37.9, 55.7)}, 'away': {'GK': (69.5, 39.4), 'LCB': (56.2, 44.8), 'RCB': (52.4, 34.3), 'LB': (55.5, 53.4), 'RB': (55.5, 20.6), 'LCM': (36.7, 54.4), 'RCM': (42.3, 28.7), 'CDM': (46.0, 35.3), 'LW': (32.3, 56.9), 'ST': (28.2, 43.8), 'RW': (27.6, 19.9)}}","(69.5, 39.4)","(27.6, 19.9)"
,nan,0.0,failed,"{'home': {'GK': (6.3, 36.4), 'LCB': (16.4, 35.7), 'RCB': (10.9, 42.0), 'LB': (13.3, 21.0), 'RB': (17.8, 54.1), 'LCM': (28.6, 26.6), 'RCM': (27.3, 48.5), 'CDM': (24.7, 37.0), 'LW': (38.2, 22.5), 'ST': (38.7, 38.2), 'RW': (36.7, 54.6)}, 'away': {'GK': (69.5, 39.7), 'LCB': (56.2, 43.4), 'RCB': (50.5, 36.1), 'LB': (54.8, 54.5), 'RB': (54.3, 19.7), 'LCM': (36.4, 54.8), 'RCM': (40.0, 28.1), 'CDM': (44.5, 37.2), 'LW': (32.8, 57.7), 'ST': (28.4, 44.5), 'RW': (27.2, 19.9)}}","(27.2, 19.9)","(69.5, 39.7)"
short,17.1,0.0,success,"{'home': {'GK': (8.3, 36.9), 'LCB': (16.9, 37.1), 'RCB': (13.2, 41.8), 'LB': (16.1, 22.5), 'RB': (19.7, 56.4), 'LCM': (33.0, 25.0), 'RCM': (30.9, 47.8), 'CDM': (27.6, 35.7), 'LW': (39.0, 21.3), 'ST': (40.8, 38.1), 'RW': (38.5, 53.8)}, 'away': {'GK': (70.8, 39.7), 'LCB': (59.6, 43.1), 'RCB': (52.9, 35.5), 'LB': (57.1, 54.7), 'RB': (58.0, 19.9), 'LCM': (38.0, 52.9), 'RCM': (42.8, 27.3), 'CDM': (47.8, 35.6), 'LW': (34.5, 56.6), 'ST': (30.0, 42.1), 'RW': (30.4, 20.4)}}","(33.0, 25.0)","(16.1, 22.5)"
short,17.0,0.0,success,"{'home': {'GK': (9.7, 38.3), 'LCB': (21.5, 37.9), 'RCB': (14.8, 43.0), 'LB': (19.1, 21.1), 'RB': (21.6, 57.2), 'LCM': (33.8, 26.4), 'RCM': (33.3, 47.7), 'CDM': (29.9, 36.8), 'LW': (40.6, 20.4), 'ST': (43.6, 38.1), 'RW': (40.8, 53.7)}, 'away': {'GK': (73.0, 39.9), 'LCB': (62.8, 41.9), 'RCB': (54.8, 34.1), 'LB': (58.9, 54.9), 'RB': (60.4, 20.3), 'LCM': (41.6, 51.4), 'RCM': (44.9, 27.7), 'CDM': (48.5, 36.7), 'LW': (36.3, 55.4), 'ST': (32.0, 40.7), 'RW': (32.8, 20.4)}}","(19.1, 21.1)","(21.5, 37.9)"
short,6.5,0.0,success,"{'home': {'GK': (9.2, 38.2), 'LCB': (20.5, 38.4), 'RCB': (18.1, 43.7), 'LB': (19.0, 21.8), 'RB': (21.0, 56.6), 'LCM': (34.2, 27.6), 'RCM': (33.0, 48.6), 'CDM': (30.9, 36.2), 'LW': (41.9, 19.3), 'ST': (42.8, 37.4), 'RW': (39.7, 53.0)}, 'away': {'GK': (73.3, 38.9), 'LCB': (64.0, 41.8), 'RCB': (53.1, 33.5), 'LB': (58.6, 54.7), 'RB': (57.9, 20.9), 'LCM': (40.4, 52.4), 'RCM': (43.5, 25.3), 'CDM': (49.2, 38.8), 'LW': (36.5, 56.5), 'ST': (32.5, 40.4), 'RW': (33.3, 20.7)}}","(49.2, 38.8)","(53.1, 33.5)"
medium,22.8,0.0,success,"{'home': {'GK': (8.1, 41.4), 'LCB': (22.5, 37.9), 'RCB': (14.5, 45.3), 'LB': (18.3, 23.9), 'RB': (22.1, 55.2), 'LCM': (31.6, 26.3), 'RCM': (33.0, 48.8), 'CDM': (28.5, 36.6), 'LW': (40.6, 20.6), 'ST': (42.0, 38.8), 'RW': (39.2, 54.2)}, 'away': {'GK': (71.1, 41.4), 'LCB': (63.9, 43.7), 'RCB': (55.2, 33.7), 'LB': (55.8, 55.7), 'RB': (61.5, 21.0), 'LCM': (42.9, 53.2), 'RCM': (42.3, 24.0), 'CDM': (49.2, 39.7), 'LW': (34.0, 56.0), 'ST': (29.2, 39.7), 'RW': (33.7, 23.4)}}","(63.9, 43.7)","(61.5, 21.0)"
medium,38.0,0.0,success,"{'home': {'GK': (7.5, 41.0), 'LCB': (21.4, 36.8), 'RCB': (14.0, 42.9), 'LB': (18.4, 23.9), 'RB': (20.6, 54.2), 'LCM': (32.2, 26.3), 'RCM': (30.9, 48.8), 'CDM': (26.5, 36.1), 'LW': (39.7, 20.9), 'ST': (42.3, 37.9), 'RW': (37.8, 54.1)}, 'away': {'GK': (69.5, 40.7), 'LCB': (60.7, 45.5), 'RCB': (52.8, 33.7), 'LB': (52.1, 56.9), 'RB': (57.1, 19.2), 'LCM': (39.5, 54.0), 'RCM': (39.5, 24.8), 'CDM': (47.6, 39.3), 'LW': (33.0, 55.0), 'ST': (26.6, 40.0), 'RW': (31.1, 24.2)}}","(57.1, 19.2)","(52.1, 56.9)"
medium,23.9,0.0,success,"{'home': {'GK': (6.1, 41.5), 'LCB': (20.5, 37.7), 'RCB': (14.1, 42.7), 'LB': (16.1, 24.5), 'RB': (19.7, 54.3), 'LCM': (31.2, 27.7), 'RCM': (29.5, 51.3), 'CDM': (25.8, 37.1), 'LW': (40.7, 22.3), 'ST': (39.3, 38.9), 'RW': (37.0, 55.6)}, 'away': {'GK': (69.5, 40.4), 'LCB': (57.9, 45.1), 'RCB': (53.6, 33.5), 'LB': (51.1, 57.3), 'RB': (55.4, 20.8), 'LCM': (37.8, 53.9), 'RCM': (39.8, 26.6), 'CDM': (45.3, 39.2), 'LW': (32.3, 55.5), 'ST': (26.0, 39.3), 'RW': (31.1, 22.8)}}","(51.1, 57.3)","(53.6, 33.5)"
medium,33.3,0.5,success,"{'home': {'GK': (5.2, 40.2), 'LCB': (19.1, 36.0), 'RCB': (12.2, 43.6), 'LB': (13.1, 24.2), 'RB': (17.6, 54.9), 'LCM': (30.0, 26.8), 'RCM': (28.7, 50.7), 'CDM': (24.2, 37.8), 'LW': (38.5, 21.6), 'ST': (37.7, 37.9), 'RW': (37.5, 55.9)}, 'away': {'GK': (69.5, 40.3), 'LCB': (55.7, 45.2), 'RCB': (51.1, 31.9), 'LB': (50.5, 57.9), 'RB': (53.0, 21.1), 'LCM': (37.3, 54.5), 'RCM': (38.4, 25.4), 'CDM': (43.6, 38.5), 'LW': (29.4, 57.2), 'ST': (24.1, 38.0), 'RW': (29.5, 23.1)}}","(51.1, 31.9)","(29.4, 57.2)"
medium,35.5,0.0,success,"{'home': {'GK': (2.8, 41.0), 'LCB': (16.5, 36.8), 'RCB': (12.5, 44.1), 'LB': (11.7, 24.1), 'RB': (15.3, 55.2), 'LCM': (29.2, 27.0), 'RCM': (26.8, 52.6), 'CDM': (23.3, 38.1), 'LW': (37.6, 23.4), 'ST': (36.3, 38.5), 'RW': (36.2, 56.4)}, 'away': {'GK': (69.5, 41.6), 'LCB': (53.8, 46.7), 'RCB': (50.5, 32.5), 'LB': (50.5, 58.1), 'RB': (50.5, 22.6), 'LCM': (37.8, 53.4), 'RCM': (37.4, 23.9), 'CDM': (42.6, 39.3), 'LW': (29.4, 57.2), 'ST': (24.4, 39.3), 'RW': (28.7, 24.0)}}","(50.5, 58.1)","(50.5, 22.6)"
short,14.2,0.0,success,"{'home': {'GK': (3.9, 38.5), 'LCB': (15.5, 34.4), 'RCB': (15.4, 44.7), 'LB': (11.8, 24.9), 'RB': (16.3, 55.1), 'LCM': (30.0, 27.3), 'RCM': (26.7, 52.6), 'CDM': (24.5, 38.3), 'LW': (41.0, 23.0), 'ST': (37.1, 37.9), 'RW': (39.9, 55.9)}, 'away': {'GK': (69.5, 38.6), 'LCB': (54.6, 45.9), 'RCB': (53.6, 31.8), 'LB': (52.8, 57.5), 'RB': (50.5, 22.6), 'LCM': (37.1, 51.6), 'RCM': (40.3, 28.1), 'CDM': (45.1, 38.8), 'LW': (29.6, 55.9), 'ST': (26.7, 38.7), 'RW': (30.5, 21.5)}}","(54.6, 45.9)","(53.6, 31.8)"
medium,34.6,0.7,failed,"{'home': {'GK': (4.6, 37.9), 'LCB': (13.2, 34.9), 'RCB': (15.4, 43.3), 'LB': (12.3, 25.6), 'RB': (15.7, 54.3), 'LCM': (28.5, 27.6), 'RCM': (27.6, 52.6), 'CDM': (22.0, 38.4), 'LW': (39.6, 23.4), 'ST': (36.4, 38.4), 'RW': (38.2, 54.2)}, 'away': {'GK': (69.5, 37.9), 'LCB': (52.6, 44.3), 'RCB': (51.0, 30.3), 'LB': (50.5, 56.6), 'RB': (50.5, 22.1), 'LCM': (35.2, 52.1), 'RCM': (38.5, 26.7), 'CDM': (43.5, 39.2), 'LW': (27.8, 56.0), 'ST': (24.1, 39.4), 'RW': (31.2, 20.6)}}","(51.0, 30.3)","(27.8, 56.0)"
short,18.0,0.0,success,"{'home': {'GK': (5.0, 40.0), 'LCB': (15.0, 35.0), 'RCB': (15.0, 45.0), 'LB': (15.0, 20.0), 'RB': (15.0, 60.0), 'LCM': (30.0, 25.0), 'RCM': (30.0, 55.0), 'CDM': (25.0, 40.0), 'LW': (40.0, 20.0), 'ST': (40.0, 40.0), 'RW': (40.0, 60.0)}, 'away': {'GK': (75.0, 40.0), 'LCB': (65.0, 45.0), 'RCB': (65.0, 35.0), 'LB': (65.0, 60.0), 'RB': (65.0, 20.0), 'LCM': (50.0, 55.0), 'RCM': (50.0, 25.0), 'CDM': (55.0, 40.0), 'LW': (40.0, 60.0), 'ST': (40.0, 40.0), 'RW': (40.0, 20.0)}}","(40.0, 40.0)","(30.0, 55.0)"
short,17.5,0.0,success,"{'home': {'GK': (7.0, 40.5), 'LCB': (16.2, 35.1), 'RCB': (15.7, 45.2), 'LB': (15.6, 19.1), 'RB': (17.0, 58.8), 'LCM': (32.3, 24.7), 'RCM': (31.0, 53.5), 'CDM': (28.7, 40.3), 'LW': (43.2, 18.6), 'ST': (42.7, 41.0), 'RW': (44.1, 61.5)}, 'away': {'GK': (76.4, 41.7), 'LCB': (66.9, 46.6), 'RCB': (67.0, 36.5), 'LB': (64.9, 59.4), 'RB': (67.0, 21.1), 'LCM': (50.1, 54.3), 'RCM': (50.5, 25.8), 'CDM': (56.6, 41.1), 'LW': (40.3, 58.9), 'ST': (42.0, 40.3), 'RW': (39.9, 22.2)}}","(31.0, 53.5)","(15.7, 45.2)"
short,14.9,0.0,success,"{'home': {'GK': (8.3, 41.5), 'LCB': (17.4, 36.1), 'RCB': (19.4, 43.7), 'LB': (18.3, 18.7), 'RB': (20.8, 58.5), 'LCM': (32.8, 23.2), 'RCM': (33.0, 54.2), 'CDM': (30.4, 40.1), 'LW': (46.7, 17.0), 'ST': (43.7, 42.3), 'RW': (46.4, 59.5)}, 'away': {'GK': (76.4, 41.3), 'LCB': (67.9, 45.6), 'RCB': (69.0, 35.8), 'LB': (66.6, 59.8), 'RB': (67.0, 22.1), 'LCM': (50.2, 54.3), 'RCM': (52.8, 26.4), 'CDM': (59.1, 40.5), 'LW': (41.9, 59.3), 'ST': (41.9, 39.9), 'RW': (39.0, 23.9)}}","(19.4, 43.7)","(20.8, 58.5)"
short,12.5,0.0,success,"{'home': {'GK': (8.8, 42.8), 'LCB': (19.7, 36.0), 'RCB': (20.9, 45.5), 'LB': (21.8, 18.9), 'RB': (21.5, 58.1), 'LCM': (34.8, 22.9), 'RCM': (34.7, 54.2), 'CDM': (29.4, 38.4), 'LW': (48.9, 18.2), 'ST': (46.1, 40.3), 'RW': (48.7, 58.1)}, 'away': {'GK': (77.3, 42.1), 'LCB': (69.2, 46.2), 'RCB': (69.0, 35.7), 'LB': (67.7, 60.5), 'RB': (68.4, 23.2), 'LCM': (50.9, 55.0), 'RCM': (52.6, 28.5), 'CDM': (60.1, 41.1), 'LW': (41.2, 59.5), 'ST': (42.7, 41.6), 'RW': (39.9, 24.1)}}","(21.5, 58.1)","(20.9, 45.5)"
,nan,0.0,success,"{'home': {'GK': (7.6, 40.6), 'LCB': (21.9, 36.5), 'RCB': (19.9, 45.0), 'LB': (22.8, 21.3), 'RB': (23.4, 57.7), 'LCM': (38.6, 25.0), 'RCM': (34.7, 55.6), 'CDM': (30.6, 40.4), 'LW': (51.1, 18.3), 'ST': (45.5, 41.0), 'RW': (51.9, 58.1)}, 'away': {'GK': (74.9, 41.9), 'LCB': (63.6, 46.5), 'RCB': (68.1, 36.0), 'LB': (64.0, 61.0), 'RB': (64.2, 24.8), 'LCM': (45.8, 56.3), 'RCM': (51.4, 27.2), 'CDM': (58.7, 40.1), 'LW': (40.7, 57.0), 'ST': (39.3, 43.9), 'RW': (40.7, 24.4)}}","(39.3, 43.9)","(74.9, 41.9)"
short,17.2,0.0,success,"{'home': {'GK': (5.6, 40.4), 'LCB': (18.1, 36.4), 'RCB': (18.5, 45.9), 'LB': (19.2, 23.0), 'RB': (20.8, 56.8), 'LCM': (34.5, 24.9), 'RCM': (32.9, 53.9), 'CDM': (29.3, 39.9), 'LW': (50.3, 20.7), 'ST': (42.2, 40.1), 'RW': (47.5, 56.8)}, 'away': {'GK': (74.9, 40.5), 'LCB': (60.8, 45.0), 'RCB': (65.6, 37.2), 'LB': (60.7, 59.9), 'RB': (59.2, 23.8), 'LCM': (42.7, 57.3), 'RCM': (46.7, 26.9), 'CDM': (57.7, 39.7), 'LW': (39.4, 58.6), 'ST': (36.8, 42.2), 'RW': (38.6, 24.4)}}","(74.9, 40.5)","(57.7, 39.7)"
long,40.7,0.2,failed,"{'home': {'GK': (6.2, 41.2), 'LCB': (17.9, 36.8), 'RCB': (17.6, 44.6), 'LB': (18.0, 24.4), 'RB': (20.6, 56.1), 'LCM': (31.8, 26.3), 'RCM': (30.8, 53.0), 'CDM': (27.6, 40.4), 'LW': (49.7, 21.7), 'ST': (41.4, 39.6), 'RW': (44.2, 56.7)}, 'away': {'GK': (71.6, 40.0), 'LCB': (60.6, 46.6), 'RCB': (64.6, 36.2), 'LB': (57.4, 61.0), 'RB': (54.7, 22.2), 'LCM': (43.6, 58.3), 'RCM': (44.0, 27.3), 'CDM': (57.7, 39.7), 'LW': (36.4, 60.4), 'ST': (32.7, 41.9), 'RW': (35.6, 24.3)}}","(71.6, 40.0)","(36.4, 60.4)"
long,43.9,0.0,failed,"{'home': {'GK': (9.4, 41.2), 'LCB': (17.6, 36.1), 'RCB': (17.5, 46.1), 'LB': (20.0, 25.7), 'RB': (25.1, 58.1), 'LCM': (33.2, 25.0), 'RCM': (32.6, 51.6), 'CDM': (29.5, 38.7), 'LW': (50.2, 22.1), 'ST': (42.9, 40.5), 'RW': (47.1, 56.2)}, 'away': {'GK': (72.6, 40.1), 'LCB': (60.6, 46.8), 'RCB': (65.8, 36.2), 'LB': (58.8, 59.0), 'RB': (56.5, 22.0), 'LCM': (47.2, 56.4), 'RCM': (46.8, 27.9), 'CDM': (59.4, 40.2), 'LW': (36.2, 59.8), 'ST': (35.3, 40.4), 'RW': (36.7, 23.7)}}","(50.2, 22.1)","(25.1, 58.1)"
long,42.1,0.0,failed,"{'home': {'GK': (6.6, 41.6), 'LCB': (16.2, 36.5), 'RCB': (17.6, 46.1), 'LB': (19.2, 25.4), 'RB': (21.5, 57.3), 'LCM': (31.7, 25.5), 'RCM': (31.7, 50.5), 'CDM': (28.3, 38.2), 'LW': (48.4, 21.6), 'ST': (43.2, 41.0), 'RW': (45.1, 56.5)}, 'away': {'GK': (70.1, 41.3), 'LCB': (59.1, 45.9), 'RCB': (62.7, 37.5), 'LB': (59.7, 58.8), 'RB': (54.4, 21.4), 'LCM': (44.1, 56.7), 'RCM': (47.2, 26.9), 'CDM': (54.6, 41.3), 'LW': (32.5, 60.2), 'ST': (33.2, 41.5), 'RW': (34.7, 24.8)}}","(70.1, 41.3)","(32.5, 60.2)"
medium,27.1,0.0,success,"{'home': {'GK': (7.0, 42.4), 'LCB': (17.1, 36.4), 'RCB': (19.0, 46.9), 'LB': (22.6, 23.7), 'RB': (22.2, 56.5), 'LCM': (34.1, 24.6), 'RCM': (31.0, 52.6), 'CDM': (29.7, 38.4), 'LW': (50.2, 20.4), 'ST': (45.4, 42.5), 'RW': (44.3, 58.1)}, 'away': {'GK': (70.8, 40.7), 'LCB': (61.6, 45.2), 'RCB': (63.4, 37.7), 'LB': (61.0, 57.0), 'RB': (55.6, 22.5), 'LCM': (45.8, 55.3), 'RCM': (48.7, 26.9), 'CDM': (55.4, 41.7), 'LW': (35.0, 59.3), 'ST': (35.6, 40.2), 'RW': (36.0, 24.8)}}","(45.4, 42.5)","(22.2, 56.5)"
medium,20.6,0.0,success,"{'home': {'GK': (7.5, 43.6), 'LCB': (17.8, 35.7), 'RCB': (22.4, 47.9), 'LB': (24.5, 22.7), 'RB': (23.1, 55.6), 'LCM': (35.0, 25.4), 'RCM': (32.9, 52.5), 'CDM': (29.4, 36.8), 'LW': (50.5, 22.0), 'ST': (46.1, 42.8), 'RW': (43.6, 56.5)}, 'away': {'GK': (72.5, 41.8), 'LCB': (62.9, 45.1), 'RCB': (64.7, 37.6), 'LB': (62.6, 57.2), 'RB': (58.1, 24.1), 'LCM': (47.9, 55.1), 'RCM': (50.1, 28.8), 'CDM': (56.1, 41.9), 'LW': (37.5, 59.7), 'ST': (37.9, 41.4), 'RW': (39.3, 26.8)}}","(23.1, 55.6)","(17.8, 35.7)"
short,16.8,0.0,failed,"{'home': {'GK': (8.6, 42.4), 'LCB': (17.8, 35.7), 'RCB': (25.3, 46.0), 'LB': (25.2, 22.5), 'RB': (23.6, 56.4), 'LCM': (36.7, 24.0), 'RCM': (36.5, 53.8), 'CDM': (33.7, 36.9), 'LW': (51.1, 22.3), 'ST': (47.9, 42.8), 'RW': (45.0, 58.5)}, 'away': {'GK': (72.2, 41.2), 'LCB': (63.1, 44.9), 'RCB': (65.6, 38.1), 'LB': (64.5, 57.8), 'RB': (60.5, 23.0), 'LCM': (51.0, 54.5), 'RCM': (51.5, 27.8), 'CDM': (56.3, 42.5), 'LW': (38.1, 57.8), 'ST': (39.5, 41.1), 'RW': (39.8, 26.9)}}","(33.7, 36.9)","(25.2, 22.5)"
,nan,0.0,success,"{'home': {'GK': (7.6, 42.9), 'LCB': (16.3, 34.4), 'RCB': (24.2, 45.5), 'LB': (23.5, 22.6), 'RB': (21.5, 55.4), 'LCM': (34.8, 24.5), 'RCM': (34.8, 52.7), 'CDM': (30.5, 38.1), 'LW': (49.8, 21.9), 'ST': (46.4, 42.5), 'RW': (43.2, 57.8)}, 'away': {'GK': (71.7, 40.7), 'LCB': (60.7, 46.7), 'RCB': (66.0, 36.5), 'LB': (60.0, 56.6), 'RB': (58.6, 22.5), 'LCM': (50.0, 53.6), 'RCM': (46.8, 27.8), 'CDM': (53.4, 42.6), 'LW': (35.3, 59.0), 'ST': (36.3, 40.2), 'RW': (40.2, 26.4)}}","(36.3, 40.2)","(71.7, 40.7)"
medium,33.9,0.3,failed,"{'home': {'GK': (5.4, 42.7), 'LCB': (15.0, 35.2), 'RCB': (21.6, 44.0), 'LB': (22.0, 23.1), 'RB': (20.0, 55.4), 'LCM': (32.7, 25.0), 'RCM': (31.8, 52.6), 'CDM': (29.2, 38.2), 'LW': (47.9, 21.3), 'ST': (45.9, 43.0), 'RW': (41.4, 57.1)}, 'away': {'GK': (69.5, 41.0), 'LCB': (60.5, 46.4), 'RCB': (63.2, 34.8), 'LB': (56.5, 56.2), 'RB': (59.5, 23.2), 'LCM': (47.5, 52.4), 'RCM': (46.2, 29.3), 'CDM': (51.6, 40.6), 'LW': (34.6, 59.6), 'ST': (35.7, 39.2), 'RW': (36.0, 25.0)}}","(69.5, 41.0)","(35.7, 39.2)"
medium,29.3,0.0,success,"{'home': {'GK': (6.6, 42.7), 'LCB': (17.3, 34.5), 'RCB': (23.2, 43.3), 'LB': (22.9, 23.0), 'RB': (21.7, 57.7), 'LCM': (35.0, 23.9), 'RCM': (33.1, 52.8), 'CDM': (31.2, 39.8), 'LW': (49.1, 22.4), 'ST': (47.0, 42.9), 'RW': (44.7, 55.9)}, 'away': {'GK': (72.0, 41.6), 'LCB': (60.8, 46.9), 'RCB': (65.6, 35.0), 'LB': (59.0, 56.7), 'RB': (62.8, 22.4), 'LCM': (50.7, 52.4), 'RCM': (46.3, 28.3), 'CDM': (53.1, 41.3), 'LW': (35.4, 58.1), 'ST': (37.6, 39.2), 'RW': (36.8, 25.7)}}","(47.0, 42.9)","(21.7, 57.7)"
medium,33.8,0.0,success,"{'home': {'GK': (7.3, 40.6), 'LCB': (18.4, 33.9), 'RCB': (25.0, 43.3), 'LB': (26.1, 24.0), 'RB': (21.7, 57.7), 'LCM': (35.8, 22.7), 'RCM': (35.1, 53.1), 'CDM': (35.7, 38.9), 'LW': (51.9, 22.8), 'ST': (47.3, 43.2), 'RW': (44.7, 55.9)}, 'away': {'GK': (73.6, 41.6), 'LCB': (62.4, 44.7), 'RCB': (67.1, 34.7), 'LB': (60.5, 56.1), 'RB': (64.6, 21.7), 'LCM': (50.9, 51.4), 'RCM': (47.2, 27.4), 'CDM': (53.7, 39.2), 'LW': (37.1, 57.0), 'ST': (38.3, 39.7), 'RW': (38.7, 23.6)}}","(51.9, 22.8)","(25.0, 43.3)"
short,9.7,0.0,success,"{'home': {'GK': (8.7, 41.0), 'LCB': (19.3, 33.7), 'RCB': (23.8, 42.3), 'LB': (28.7, 24.4), 'RB': (20.6, 59.4), 'LCM': (35.4, 23.4), 'RCM': (37.4, 54.6), 'CDM': (35.2, 37.9), 'LW': (54.3, 21.5), 'ST': (49.8, 43.9), 'RW': (46.0, 56.7)}, 'away': {'GK': (75.8, 41.2), 'LCB': (64.2, 45.6), 'RCB': (68.1, 35.4), 'LB': (60.6, 56.6), 'RB': (65.2, 22.4), 'LCM': (51.0, 52.5), 'RCM': (48.3, 28.8), 'CDM': (56.2, 40.4), 'LW': (38.6, 57.3), 'ST': (39.4, 41.1), 'RW': (39.3, 23.6)}}","(23.8, 42.3)","(19.3, 33.7)"
short,17.6,0.5,success,"{'home': {'GK': (8.0, 40.2), 'LCB': (18.0, 34.8), 'RCB': (22.8, 41.8), 'LB': (23.4, 24.0), 'RB': (21.3, 57.6), 'LCM': (33.2, 25.5), 'RCM': (38.0, 53.9), 'CDM': (31.6, 39.4), 'LW': (50.9, 21.5), 'ST': (46.3, 43.3), 'RW': (47.1, 57.2)}, 'away': {'GK': (75.4, 42.2), 'LCB': (66.0, 44.8), 'RCB': (65.5, 34.7), 'LB': (62.3, 55.5), 'RB': (65.3, 22.1), 'LCM': (49.4, 53.0), 'RCM': (49.9, 27.6), 'CDM': (54.8, 42.3), 'LW': (34.6, 55.8), 'ST': (37.3, 40.8), 'RW': (35.8, 23.8)}}","(54.8, 42.3)","(37.3, 40.8)"
,nan,0.0,success,"{'home': {'GK': (8.1, 40.7), 'LCB': (15.8, 34.3), 'RCB': (22.7, 42.9), 'LB': (22.6, 24.6), 'RB': (19.0, 56.4), 'LCM': (32.0, 26.3), 'RCM': (36.4, 53.9), 'CDM': (29.7, 39.3), 'LW': (47.2, 21.5), 'ST': (45.4, 41.5), 'RW': (44.8, 57.0)}, 'away': {'GK': (72.3, 42.9), 'LCB': (62.5, 44.4), 'RCB': (61.1, 33.2), 'LB': (58.2, 56.0), 'RB': (60.2, 21.8), 'LCM': (47.8, 52.8), 'RCM': (48.2, 26.5), 'CDM': (54.5, 43.2), 'LW': (32.2, 54.4), 'ST': (35.9, 41.7), 'RW': (34.4, 22.8)}}","(35.9, 41.7)","(72.3, 42.9)"
medium,36.5,0.3,failed,"{'home': {'GK': (5.6, 40.8), 'LCB': (16.5, 33.9), 'RCB': (20.7, 44.3), 'LB': (21.8, 24.4), 'RB': (19.0, 56.7), 'LCM': (30.9, 27.3), 'RCM': (33.5, 53.0), 'CDM': (27.8, 38.8), 'LW': (44.3, 21.2), 'ST': (43.6, 41.4), 'RW': (45.1, 56.9)}, 'away': {'GK': (69.6, 42.4), 'LCB': (62.2, 44.0), 'RCB': (58.8, 31.8), 'LB': (54.7, 55.0), 'RB': (56.8, 22.0), 'LCM': (44.8, 51.8), 'RCM': (44.3, 27.6), 'CDM': (52.1, 44.4), 'LW': (29.5, 55.4), 'ST': (33.0, 42.9), 'RW': (32.6, 22.7)}}","(69.6, 42.4)","(33.0, 42.9)"
medium,30.6,0.0,success,"{'home': {'GK': (6.6, 40.8), 'LCB': (20.7, 33.4), 'RCB': (20.7, 46.0), 'LB': (21.8, 24.6), 'RB': (21.0, 56.7), 'LCM': (33.5, 27.5), 'RCM': (35.4, 52.0), 'CDM': (27.5, 38.4), 'LW': (45.6, 21.5), 'ST': (43.5, 41.5), 'RW': (49.5, 56.4)}, 'away': {'GK': (71.3, 42.7), 'LCB': (63.7, 43.0), 'RCB': (60.8, 32.1), 'LB': (56.5, 54.1), 'RB': (58.5, 22.4), 'LCM': (47.2, 52.1), 'RCM': (46.6, 29.1), 'CDM': (53.8, 43.4), 'LW': (33.2, 55.2), 'ST': (35.4, 43.5), 'RW': (35.0, 22.8)}}","(49.5, 56.4)","(20.7, 46.0)"
,nan,0.0,success,"{'home': {'GK': (9.2, 39.9), 'LCB': (19.0, 36.4), 'RCB': (20.3, 45.0), 'LB': (20.0, 24.2), 'RB': (20.9, 57.3), 'LCM': (32.3, 28.2), 'RCM': (34.5, 53.1), 'CDM': (28.0, 40.0), 'LW': (44.2, 21.6), 'ST': (43.9, 39.7), 'RW': (46.3, 56.7)}, 'away': {'GK': (71.1, 40.6), 'LCB': (64.5, 42.9), 'RCB': (59.1, 31.3), 'LB': (55.8, 56.6), 'RB': (61.6, 20.4), 'LCM': (47.5, 51.2), 'RCM': (47.4, 27.7), 'CDM': (51.5, 43.2), 'LW': (35.1, 57.7), 'ST': (35.2, 42.6), 'RW': (35.1, 23.7)}}","(35.2, 42.6)","(71.1, 40.6)"
medium,37.3,0.4,failed,"{'home': {'GK': (7.4, 40.9), 'LCB': (17.9, 35.5), 'RCB': (20.3, 45.4), 'LB': (19.4, 23.2), 'RB': (18.1, 56.5), 'LCM': (32.5, 29.5), 'RCM': (31.8, 53.4), 'CDM': (26.0, 40.2), 'LW': (43.0, 23.0), 'ST': (41.8, 39.4), 'RW': (45.3, 57.3)}, 'away': {'GK': (69.5, 39.3), 'LCB': (61.4, 42.6), 'RCB': (57.6, 32.4), 'LB': (53.9, 56.6), 'RB': (60.1, 19.4), 'LCM': (45.5, 50.4), 'RCM': (45.4, 28.2), 'CDM': (48.8, 41.6), 'LW': (33.3, 59.1), 'ST': (32.3, 41.8), 'RW': (33.5, 22.8)}}","(69.5, 39.3)","(32.3, 41.8)"
medium,21.5,0.0,success,"{'home': {'GK': (10.5, 39.3), 'LCB': (19.9, 37.0), 'RCB': (23.3, 46.4), 'LB': (21.3, 22.8), 'RB': (19.7, 56.2), 'LCM': (32.6, 30.7), 'RCM': (34.5, 54.5), 'CDM': (30.2, 41.3), 'LW': (45.6, 22.4), 'ST': (43.8, 39.8), 'RW': (47.5, 57.2)}, 'away': {'GK': (72.5, 40.3), 'LCB': (63.1, 41.7), 'RCB': (59.1, 34.3), 'LB': (58.1, 55.9), 'RB': (63.4, 20.7), 'LCM': (45.8, 50.0), 'RCM': (47.4, 29.5), 'CDM': (51.8, 40.5), 'LW': (35.9, 59.4), 'ST': (34.4, 40.4), 'RW': (35.9, 24.3)}}","(43.8, 39.8)","(23.3, 46.4)"
short,9.9,0.0,success,"{'home': {'GK': (10.5, 39.8), 'LCB': (22.9, 35.7), 'RCB': (24.7, 45.4), 'LB': (24.1, 21.6), 'RB': (22.9, 57.7), 'LCM': (34.8, 29.4), 'RCM': (36.3, 53.3), 'CDM': (30.2, 39.5), 'LW': (47.4, 23.5), 'ST': (48.0, 39.2), 'RW': (49.0, 58.0)}, 'away': {'GK': (75.1, 41.3), 'LCB': (64.8, 41.5), 'RCB': (59.8, 34.6), 'LB': (58.6, 56.7), 'RB': (65.1, 22.3), 'LCM': (45.5, 50.5), 'RCM': (47.9, 29.9), 'CDM': (51.9, 41.6), 'LW': (36.3, 57.8), 'ST': (36.9, 41.7), 'RW': (39.2, 25.2)}}","(24.7, 45.4)","(22.9, 35.7)"
short,15.3,0.3,success,"{'home': {'GK': (7.6, 39.1), 'LCB': (20.1, 34.6), 'RCB': (25.4, 46.3), 'LB': (23.6, 21.9), 'RB': (22.1, 57.1), 'LCM': (34.9, 29.1), 'RCM': (36.5, 52.6), 'CDM': (28.9, 39.3), 'LW': (45.9, 21.6), 'ST': (47.9, 39.4), 'RW': (48.0, 59.2)}, 'away': {'GK': (72.5, 40.2), 'LCB': (63.8, 44.2), 'RCB': (57.8, 34.8), 'LB': (57.9, 56.3), 'RB': (63.1, 24.1), 'LCM': (46.0, 52.3), 'RCM': (48.4, 28.8), 'CDM': (51.6, 40.8), 'LW': (35.9, 57.4), 'ST': (36.3, 39.9), 'RW': (36.0, 25.1)}}","(51.6, 40.8)","(36.3, 39.9)"
,nan,0.0,failed,"{'home': {'GK': (6.3, 38.1), 'LCB': (20.1, 34.7), 'RCB': (21.6, 46.2), 'LB': (20.6, 24.2), 'RB': (19.1, 58.4), 'LCM': (32.8, 27.6), 'RCM': (33.4, 53.0), 'CDM': (29.4, 41.9), 'LW': (46.3, 24.4), 'ST': (43.7, 40.2), 'RW': (46.9, 57.5)}, 'away': {'GK': (69.8, 38.0), 'LCB': (61.5, 45.0), 'RCB': (56.1, 33.0), 'LB': (56.1, 55.9), 'RB': (61.5, 24.8), 'LCM': (46.4, 49.8), 'RCM': (45.0, 26.3), 'CDM': (46.8, 41.9), 'LW': (34.0, 59.3), 'ST': (35.8, 39.6), 'RW': (34.3, 21.3)}}","(35.8, 39.6)","(69.8, 38.0)"
short,17.2,0.0,success,"{'home': {'GK': (8.9, 37.3), 'LCB': (25.9, 36.7), 'RCB': (24.0, 48.4), 'LB': (23.6, 24.6), 'RB': (22.2, 57.4), 'LCM': (37.8, 27.6), 'RCM': (36.4, 53.4), 'CDM': (31.2, 42.8), 'LW': (49.9, 24.4), 'ST': (46.3, 39.5), 'RW': (48.4, 57.6)}, 'away': {'GK': (74.2, 37.9), 'LCB': (65.9, 43.7), 'RCB': (60.2, 34.2), 'LB': (60.5, 54.4), 'RB': (63.5, 24.2), 'LCM': (49.8, 50.9), 'RCM': (48.1, 26.7), 'CDM': (51.3, 41.0), 'LW': (36.7, 59.3), 'ST': (38.4, 38.4), 'RW': (38.1, 23.1)}}","(31.2, 42.8)","(22.2, 57.4)"
medium,27.2,0.0,success,"{'home': {'GK': (10.5, 37.5), 'LCB': (27.5, 37.7), 'RCB': (24.3, 47.0), 'LB': (26.0, 25.6), 'RB': (22.2, 57.4), 'LCM': (39.5, 26.8), 'RCM': (38.0, 54.0), 'CDM': (34.4, 43.8), 'LW': (49.2, 23.0), 'ST': (46.6, 38.0), 'RW': (49.3, 57.6)}, 'away': {'GK': (74.0, 39.6), 'LCB': (65.5, 45.2), 'RCB': (61.6, 34.7), 'LB': (60.8, 54.3), 'RB': (63.5, 26.2), 'LCM': (49.6, 52.5), 'RCM': (48.7, 28.2), 'CDM': (51.9, 42.0), 'LW': (39.0, 59.4), 'ST': (40.4, 38.4), 'RW': (39.0, 24.9)}}","(49.3, 57.6)","(22.2, 57.4)"
medium,22.7,0.0,failed,"{'home': {'GK': (10.5, 38.7), 'LCB': (29.2, 35.8), 'RCB': (26.1, 48.0), 'LB': (27.6, 24.9), 'RB': (22.1, 57.3), 'LCM': (42.2, 27.3), 'RCM': (39.7, 54.8), 'CDM': (36.9, 43.2), 'LW': (50.6, 24.2), 'ST': (48.8, 37.8), 'RW': (48.2, 56.1)}, 'away': {'GK': (73.9, 39.6), 'LCB': (65.9, 44.8), 'RCB': (62.5, 36.5), 'LB': (61.2, 54.5), 'RB': (64.1, 26.0), 'LCM': (51.0, 52.6), 'RCM': (48.2, 28.9), 'CDM': (53.7, 43.7), 'LW': (39.6, 59.8), 'ST': (42.3, 39.1), 'RW': (40.1, 24.9)}}","(22.1, 57.3)","(29.2, 35.8)"
,nan,0.0,failed,"{'home': {'GK': (9.0, 40.2), 'LCB': (25.3, 37.8), 'RCB': (25.0, 48.8), 'LB': (25.2, 25.7), 'RB': (20.5, 56.6), 'LCM': (39.4, 28.2), 'RCM': (38.4, 56.0), 'CDM': (34.8, 44.3), 'LW': (47.3, 26.4), 'ST': (46.3, 40.1), 'RW': (45.6, 57.0)}, 'away': {'GK': (71.2, 39.5), 'LCB': (63.5, 43.4), 'RCB': (63.1, 34.9), 'LB': (59.1, 53.4), 'RB': (60.1, 25.1), 'LCM': (49.0, 52.1), 'RCM': (46.2, 26.7), 'CDM': (49.2, 44.9), 'LW': (38.8, 58.6), 'ST': (40.6, 37.6), 'RW': (36.0, 25.6)}}","(38.8, 58.6)","(71.2, 39.5)"
short,18.0,0.0,success,"{'home': {'GK': (4.2, 40.3), 'LCB': (13.1, 35.4), 'RCB': (14.4, 45.2), 'LB': (14.3, 20.8), 'RB': (14.9, 58.0), 'LCM': (29.6, 26.2), 'RCM': (28.6, 53.7), 'CDM': (25.8, 40.2), 'LW': (38.9, 22.0), 'ST': (38.6, 40.7), 'RW': (37.4, 58.7)}, 'away': {'GK': (73.0, 39.3), 'LCB': (62.0, 46.6), 'RCB': (62.7, 35.9), 'LB': (64.7, 60.0), 'RB': (64.1, 20.8), 'LCM': (47.3, 53.9), 'RCM': (49.7, 23.4), 'CDM': (55.3, 40.5), 'LW': (39.2, 59.5), 'ST': (39.2, 39.5), 'RW': (37.6, 19.7)}}","(55.3, 40.5)","(49.7, 23.4)"
medium,20.5,0.0,success,"{'home': {'GK': (3.8, 38.3), 'LCB': (12.1, 34.8), 'RCB': (14.8, 44.4), 'LB': (14.1, 20.9), 'RB': (13.8, 57.2), 'LCM': (29.7, 25.7), 'RCM': (28.9, 52.8), 'CDM': (25.5, 39.6), 'LW': (37.1, 20.8), 'ST': (38.2, 39.3), 'RW': (37.5, 57.6)}, 'away': {'GK': (70.5, 39.1), 'LCB': (60.0, 47.6), 'RCB': (60.8, 34.4), 'LB': (61.5, 58.8), 'RB': (61.9, 21.4), 'LCM': (46.4, 55.1), 'RCM': (49.7, 23.4), 'CDM': (51.5, 39.0), 'LW': (38.9, 60.2), 'ST': (38.2, 41.0), 'RW': (35.6, 20.8)}}","(61.9, 21.4)","(51.5, 39.0)"
short,18.1,0.0,success,"{'home': {'GK': (2.7, 39.0), 'LCB': (11.8, 35.5), 'RCB': (14.7, 45.3), 'LB': (12.2, 20.8), 'RB': (14.4, 56.7), 'LCM': (27.2, 25.3), 'RCM': (28.3, 53.0), 'CDM': (23.8, 39.8), 'LW': (37.6, 22.4), 'ST': (39.4, 40.2), 'RW': (35.7, 56.9)}, 'away': {'GK': (69.5, 37.7), 'LCB': (57.5, 45.9), 'RCB': (59.4, 35.6), 'LB': (58.2, 59.0), 'RB': (59.7, 19.5), 'LCM': (43.3, 55.0), 'RCM': (47.1, 24.0), 'CDM': (51.5, 39.0), 'LW': (38.4, 59.8), 'ST': (35.4, 39.2), 'RW': (35.3, 20.3)}}","(69.5, 37.7)","(51.5, 39.0)"
medium,25.7,0.5,success,"{'home': {'GK': (2.0, 38.1), 'LCB': (10.7, 36.1), 'RCB': (13.7, 45.6), 'LB': (13.2, 21.3), 'RB': (14.0, 56.4), 'LCM': (27.4, 24.8), 'RCM': (26.7, 52.7), 'CDM': (22.0, 38.7), 'LW': (36.2, 22.0), 'ST': (36.9, 39.5), 'RW': (35.8, 55.4)}, 'away': {'GK': (69.5, 36.6), 'LCB': (56.0, 45.3), 'RCB': (58.1, 34.1), 'LB': (58.7, 59.1), 'RB': (56.5, 18.8), 'LCM': (41.7, 55.4), 'RCM': (47.0, 23.2), 'CDM': (49.9, 37.4), 'LW': (37.4, 59.8), 'ST': (32.5, 39.2), 'RW': (30.6, 20.4)}}","(49.9, 37.4)","(37.4, 59.8)"
medium,34.1,0.3,failed,"{'home': {'GK': (1.9, 40.2), 'LCB': (9.4, 37.9), 'RCB': (13.5, 46.0), 'LB': (12.2, 24.1), 'RB': (12.8, 56.6), 'LCM': (28.6, 27.0), 'RCM': (26.5, 53.0), 'CDM': (20.4, 39.1), 'LW': (37.1, 24.6), 'ST': (37.0, 41.0), 'RW': (35.6, 55.7)}, 'away': {'GK': (69.5, 36.1), 'LCB': (52.1, 46.2), 'RCB': (56.5, 34.1), 'LB': (57.2, 58.1), 'RB': (53.9, 19.7), 'LCM': (41.3, 57.2), 'RCM': (44.2, 21.7), 'CDM': (47.6, 36.0), 'LW': (37.4, 59.8), 'ST': (29.9, 37.8), 'RW': (30.0, 19.0)}}","(57.2, 58.1)","(29.9, 37.8)"
medium,21.1,0.0,success,"{'home': {'GK': (3.3, 41.7), 'LCB': (13.2, 39.4), 'RCB': (14.6, 47.7), 'LB': (13.0, 25.2), 'RB': (16.2, 58.1), 'LCM': (33.6, 26.8), 'RCM': (27.1, 55.0), 'CDM': (24.3, 40.9), 'LW': (39.9, 24.9), 'ST': (39.4, 39.6), 'RW': (37.1, 54.8)}, 'away': {'GK': (71.5, 37.8), 'LCB': (55.1, 46.4), 'RCB': (59.9, 34.5), 'LB': (59.1, 57.4), 'RB': (55.1, 20.9), 'LCM': (43.8, 58.0), 'RCM': (46.3, 23.9), 'CDM': (50.0, 37.1), 'LW': (39.1, 59.8), 'ST': (31.4, 40.2), 'RW': (32.2, 21.2)}}","(37.1, 54.8)","(16.2, 58.1)"
short,12.8,0.0,success,"{'home': {'GK': (4.2, 40.1), 'LCB': (15.1, 38.1), 'RCB': (16.0, 46.9), 'LB': (14.0, 24.7), 'RB': (19.7, 59.2), 'LCM': (35.0, 28.4), 'RCM': (30.7, 56.1), 'CDM': (27.0, 39.2), 'LW': (42.2, 25.6), 'ST': (39.8, 39.4), 'RW': (40.3, 56.8)}, 'away': {'GK': (73.8, 39.0), 'LCB': (56.6, 47.8), 'RCB': (60.3, 34.8), 'LB': (61.5, 57.4), 'RB': (56.9, 21.4), 'LCM': (45.7, 56.7), 'RCM': (47.9, 25.4), 'CDM': (52.0, 38.1), 'LW': (41.8, 58.8), 'ST': (34.2, 41.5), 'RW': (33.7, 22.4)}}","(19.7, 59.2)","(16.0, 46.9)"
medium,35.8,0.0,success,"{'home': {'GK': (8.9, 41.0), 'LCB': (20.6, 37.4), 'RCB': (18.9, 47.1), 'LB': (18.6, 25.0), 'RB': (24.2, 58.9), 'LCM': (42.2, 27.9), 'RCM': (37.2, 57.2), 'CDM': (31.7, 39.6), 'LW': (43.3, 24.0), 'ST': (42.0, 39.1), 'RW': (46.1, 57.9)}, 'away': {'GK': (76.6, 38.6), 'LCB': (60.3, 45.8), 'RCB': (62.4, 35.0), 'LB': (63.8, 55.6), 'RB': (59.8, 20.3), 'LCM': (47.2, 52.6), 'RCM': (49.5, 26.2), 'CDM': (53.7, 37.9), 'LW': (43.1, 56.2), 'ST': (37.9, 40.8), 'RW': (38.2, 20.9)}}","(42.2, 27.9)","(24.2, 58.9)"
medium,36.9,0.0,success,"{'home': {'GK': (9.2, 40.6), 'LCB': (20.8, 38.0), 'RCB': (18.5, 46.8), 'LB': (19.8, 25.0), 'RB': (22.7, 59.7), 'LCM': (40.3, 29.1), 'RCM': (36.4, 54.4), 'CDM': (30.5, 41.8), 'LW': (44.9, 25.8), 'ST': (43.2, 39.9), 'RW': (46.4, 56.9)}, 'away': {'GK': (74.5, 38.0), 'LCB': (61.4, 45.9), 'RCB': (63.4, 36.1), 'LB': (63.3, 58.0), 'RB': (63.3, 23.6), 'LCM': (46.7, 53.3), 'RCM': (47.4, 28.7), 'CDM': (51.8, 41.2), 'LW': (40.5, 57.0), 'ST': (35.7, 40.5), 'RW': (36.4, 20.4)}}","(40.5, 57.0)","(36.4, 20.4)"
,nan,0.0,success,"{'home': {'GK': (8.6, 38.5), 'LCB': (17.9, 36.0), 'RCB': (18.3, 45.0), 'LB': (16.7, 25.0), 'RB': (22.7, 57.7), 'LCM': (38.4, 28.4), 'RCM': (35.0, 52.1), 'CDM': (29.8, 41.5), 'LW': (43.3, 25.4), 'ST': (42.5, 38.4), 'RW': (45.4, 55.0)}, 'away': {'GK': (71.0, 38.2), 'LCB': (58.8, 46.2), 'RCB': (60.9, 35.5), 'LB': (61.5, 59.9), 'RB': (61.8, 24.8), 'LCM': (43.9, 53.6), 'RCM': (45.9, 27.3), 'CDM': (48.8, 42.6), 'LW': (37.6, 58.3), 'ST': (31.7, 41.1), 'RW': (33.6, 19.6)}}","(33.6, 19.6)","(71.0, 38.2)"
long,42.4,0.1,failed,"{'home': {'GK': (8.8, 39.5), 'LCB': (15.3, 36.6), 'RCB': (17.2, 43.8), 'LB': (16.2, 24.9), 'RB': (20.5, 56.0), 'LCM': (37.4, 28.8), 'RCM': (34.8, 51.1), 'CDM': (29.3, 41.6), 'LW': (40.8, 24.5), 'ST': (42.8, 39.3), 'RW': (44.1, 54.1)}, 'away': {'GK': (69.5, 38.2), 'LCB': (58.2, 44.5), 'RCB': (60.3, 36.3), 'LB': (57.8, 58.7), 'RB': (59.4, 24.8), 'LCM': (41.4, 53.8), 'RCM': (43.5, 28.8), 'CDM': (47.0, 40.9), 'LW': (33.0, 59.7), 'ST': (31.3, 39.6), 'RW': (30.1, 19.2)}}","(69.5, 38.2)","(33.0, 59.7)"
medium,27.8,0.0,success,"{'home': {'GK': (10.5, 41.2), 'LCB': (18.4, 36.6), 'RCB': (18.5, 44.5), 'LB': (19.6, 23.1), 'RB': (21.5, 55.3), 'LCM': (39.1, 30.0), 'RCM': (36.9, 52.7), 'CDM': (32.3, 41.8), 'LW': (42.1, 23.0), 'ST': (42.5, 38.8), 'RW': (45.7, 54.7)}, 'away': {'GK': (70.8, 37.7), 'LCB': (59.6, 44.4), 'RCB': (61.8, 35.2), 'LB': (59.1, 57.1), 'RB': (60.0, 24.2), 'LCM': (43.2, 52.8), 'RCM': (45.7, 28.9), 'CDM': (51.0, 39.8), 'LW': (35.2, 58.2), 'ST': (32.0, 38.7), 'RW': (32.1, 19.3)}}","(42.5, 38.8)","(19.6, 23.1)"
medium,32.0,0.0,failed,"{'home': {'GK': (10.5, 41.8), 'LCB': (18.5, 38.1), 'RCB': (19.6, 44.2), 'LB': (19.5, 23.6), 'RB': (23.6, 55.3), 'LCM': (41.9, 31.1), 'RCM': (36.7, 51.5), 'CDM': (33.7, 41.2), 'LW': (43.6, 23.5), 'ST': (46.6, 39.3), 'RW': (48.0, 55.7)}, 'away': {'GK': (73.4, 36.3), 'LCB': (60.7, 43.9), 'RCB': (64.4, 34.4), 'LB': (60.6, 56.4), 'RB': (60.9, 24.4), 'LCM': (45.3, 52.3), 'RCM': (46.6, 28.3), 'CDM': (51.6, 39.0), 'LW': (35.9, 57.4), 'ST': (32.3, 38.1), 'RW': (33.2, 19.0)}}","(19.5, 23.6)","(23.6, 55.3)"
,nan,0.0,failed,"{'home': {'GK': (9.2, 40.9), 'LCB': (17.8, 36.3), 'RCB': (17.4, 42.6), 'LB': (17.5, 22.4), 'RB': (21.9, 53.4), 'LCM': (38.1, 28.8), 'RCM': (33.7, 51.6), 'CDM': (31.2, 39.3), 'LW': (42.5, 23.1), 'ST': (45.6, 38.7), 'RW': (46.7, 54.1)}, 'away': {'GK': (70.1, 37.9), 'LCB': (56.6, 45.5), 'RCB': (63.9, 34.9), 'LB': (56.1, 55.0), 'RB': (56.8, 24.1), 'LCM': (43.0, 52.1), 'RCM': (44.8, 26.3), 'CDM': (51.8, 37.7), 'LW': (33.2, 56.7), 'ST': (29.3, 38.1), 'RW': (32.8, 20.8)}}","(32.8, 20.8)","(70.1, 37.9)"
,nan,0.0,success,"{'home': {'GK': (8.9, 39.4), 'LCB': (18.0, 36.4), 'RCB': (17.9, 43.1), 'LB': (18.0, 21.3), 'RB': (20.8, 52.9), 'LCM': (37.6, 26.0), 'RCM': (32.8, 51.4), 'CDM': (30.1, 40.6), 'LW': (42.5, 21.4), 'ST': (42.8, 39.0), 'RW': (46.3, 54.7)}, 'away': {'GK': (72.2, 38.4), 'LCB': (55.8, 43.3), 'RCB': (64.8, 34.2), 'LB': (56.4, 55.2), 'RB': (55.3, 20.8), 'LCM': (43.1, 51.3), 'RCM': (42.0, 26.6), 'CDM': (51.4, 38.0), 'LW': (35.7, 56.5), 'ST': (31.4, 36.6), 'RW': (32.3, 22.9)}}","(32.3, 22.9)","(72.2, 38.4)"
medium,39.7,0.2,success,"{'home': {'GK': (6.8, 38.6), 'LCB': (17.6, 35.1), 'RCB': (15.2, 43.0), 'LB': (17.1, 22.6), 'RB': (20.2, 52.6), 'LCM': (36.8, 25.7), 'RCM': (30.5, 50.1), 'CDM': (27.4, 39.8), 'LW': (40.6, 22.3), 'ST': (40.6, 38.4), 'RW': (46.1, 55.2)}, 'away': {'GK': (71.1, 39.8), 'LCB': (53.4, 42.8), 'RCB': (59.9, 35.0), 'LB': (54.2, 55.3), 'RB': (53.6, 21.3), 'LCM': (41.9, 52.9), 'RCM': (38.7, 25.2), 'CDM': (48.3, 38.8), 'LW': (35.1, 56.6), 'ST': (29.4, 36.9), 'RW': (33.3, 22.3)}}","(71.1, 39.8)","(35.1, 56.6)"
,nan,0.0,success,"{'home': {'GK': (6.8, 39.8), 'LCB': (16.3, 36.4), 'RCB': (15.5, 44.7), 'LB': (14.3, 24.4), 'RB': (18.0, 53.4), 'LCM': (35.2, 28.3), 'RCM': (28.9, 51.4), 'CDM': (25.8, 40.3), 'LW': (39.6, 24.5), 'ST': (38.3, 38.7), 'RW': (43.1, 55.0)}, 'away': {'GK': (71.1, 41.0), 'LCB': (50.5, 44.5), 'RCB': (55.3, 36.4), 'LB': (50.9, 54.0), 'RB': (52.2, 20.5), 'LCM': (38.2, 52.6), 'RCM': (36.9, 25.8), 'CDM': (45.2, 37.3), 'LW': (34.3, 58.4), 'ST': (29.4, 37.7), 'RW': (31.3, 23.5)}}","(34.3, 58.4)","(71.1, 41.0)"
medium,28.9,0.0,failed,"{'home': {'GK': (9.7, 39.8), 'LCB': (19.8, 36.5), 'RCB': (18.1, 43.6), 'LB': (16.9, 22.6), 'RB': (20.3, 54.2), 'LCM': (33.1, 28.8), 'RCM': (28.7, 53.0), 'CDM': (26.8, 40.9), 'LW': (41.6, 23.5), 'ST': (41.4, 37.9), 'RW': (44.4, 54.9)}, 'away': {'GK': (71.0, 41.9), 'LCB': (53.6, 44.0), 'RCB': (56.5, 35.3), 'LB': (52.8, 54.2), 'RB': (55.7, 22.4), 'LCM': (38.6, 52.5), 'RCM': (40.1, 28.0), 'CDM': (46.2, 40.1), 'LW': (35.7, 58.6), 'ST': (30.0, 38.9), 'RW': (33.1, 24.0)}}","(41.4, 37.9)","(16.9, 22.6)"
medium,31.6,0.1,success,"{'home': {'GK': (8.3, 39.7), 'LCB': (17.7, 36.2), 'RCB': (16.3, 43.8), 'LB': (17.8, 22.6), 'RB': (19.3, 53.6), 'LCM': (32.1, 28.7), 'RCM': (27.3, 53.0), 'CDM': (25.5, 41.6), 'LW': (40.6, 22.7), 'ST': (39.7, 37.9), 'RW': (42.6, 55.1)}, 'away': {'GK': (71.0, 40.0), 'LCB': (51.8, 43.5), 'RCB': (54.1, 35.6), 'LB': (52.0, 56.3), 'RB': (54.0, 21.1), 'LCM': (36.5, 51.2), 'RCM': (39.5, 26.7), 'CDM': (44.1, 39.9), 'LW': (33.7, 59.7), 'ST': (28.6, 38.6), 'RW': (32.1, 23.0)}}","(54.1, 35.6)","(33.7, 59.7)"
short,18.2,0.2,success,"{'home': {'GK': (8.3, 40.9), 'LCB': (16.7, 38.2), 'RCB': (14.8, 44.1), 'LB': (16.8, 25.0), 'RB': (18.2, 54.7), 'LCM': (31.9, 29.9), 'RCM': (25.6, 54.6), 'CDM': (24.4, 42.3), 'LW': (38.2, 24.2), 'ST': (37.3, 38.7), 'RW': (41.3, 56.3)}, 'away': {'GK': (69.5, 40.6), 'LCB': (53.3, 43.7), 'RCB': (55.1, 36.8), 'LB': (51.7, 57.3), 'RB': (53.9, 19.4), 'LCM': (35.2, 52.3), 'RCM': (37.4, 26.5), 'CDM': (44.3, 41.5), 'LW': (33.7, 59.7), 'ST': (29.5, 38.8), 'RW': (31.4, 24.3)}}","(51.7, 57.3)","(33.7, 59.7)"
,nan,0.0,success,"{'home': {'GK': (7.7, 42.6), 'LCB': (17.3, 39.6), 'RCB': (15.6, 44.9), 'LB': (16.2, 25.9), 'RB': (16.7, 56.3), 'LCM': (30.8, 31.5), 'RCM': (23.9, 55.5), 'CDM': (24.5, 42.7), 'LW': (37.2, 26.3), 'ST': (37.5, 40.6), 'RW': (40.6, 58.1)}, 'away': {'GK': (69.5, 40.5), 'LCB': (54.4, 45.4), 'RCB': (55.4, 37.6), 'LB': (50.5, 58.8), 'RB': (51.8, 19.9), 'LCM': (35.9, 53.5), 'RCM': (37.6, 27.9), 'CDM': (43.2, 41.2), 'LW': (32.3, 60.0), 'ST': (29.3, 39.8), 'RW': (31.3, 22.6)}}","(32.3, 60.0)","(69.5, 40.5)"
medium,25.8,0.0,failed,"{'home': {'GK': (10.5, 41.5), 'LCB': (20.4, 38.8), 'RCB': (19.6, 44.1), 'LB': (15.6, 25.1), 'RB': (18.8, 55.3), 'LCM': (31.0, 29.5), 'RCM': (27.7, 54.6), 'CDM': (25.8, 41.9), 'LW': (38.4, 24.5), 'ST': (38.5, 38.7), 'RW': (42.4, 58.7)}, 'away': {'GK': (73.0, 40.3), 'LCB': (53.9, 42.9), 'RCB': (59.0, 38.3), 'LB': (53.0, 56.7), 'RB': (55.1, 19.6), 'LCM': (38.4, 52.9), 'RCM': (37.8, 25.4), 'CDM': (44.6, 40.0), 'LW': (33.1, 59.2), 'ST': (30.1, 37.3), 'RW': (33.9, 22.3)}}","(38.5, 38.7)","(18.8, 55.3)"
medium,32.0,0.5,success,"{'home': {'GK': (9.2, 41.7), 'LCB': (19.1, 38.0), 'RCB': (16.5, 45.0), 'LB': (16.1, 24.8), 'RB': (16.9, 56.4), 'LCM': (29.8, 29.9), 'RCM': (27.6, 53.7), 'CDM': (24.6, 42.7), 'LW': (36.0, 24.2), 'ST': (36.2, 38.6), 'RW': (42.4, 59.0)}, 'away': {'GK': (72.6, 39.2), 'LCB': (51.4, 42.2), 'RCB': (55.1, 38.6), 'LB': (50.7, 58.3), 'RB': (54.4, 19.5), 'LCM': (34.6, 53.7), 'RCM': (36.2, 26.9), 'CDM': (41.0, 38.5), 'LW': (30.1, 58.6), 'ST': (30.6, 37.0), 'RW': (31.5, 22.6)}}","(55.1, 38.6)","(30.1, 58.6)"
short,10.6,0.0,success,"{'home': {'GK': (10.3, 43.5), 'LCB': (20.4, 40.0), 'RCB': (16.5, 43.2), 'LB': (19.5, 27.3), 'RB': (17.9, 57.6), 'LCM': (30.7, 31.6), 'RCM': (28.0, 54.3), 'CDM': (26.0, 41.4), 'LW': (39.4, 25.2), 'ST': (38.0, 39.7), 'RW': (44.7, 60.7)}, 'away': {'GK': (73.1, 40.3), 'LCB': (52.2, 43.6), 'RCB': (56.5, 38.7), 'LB': (53.0, 57.3), 'RB': (56.0, 23.1), 'LCM': (35.3, 54.6), 'RCM': (38.4, 28.0), 'CDM': (44.5, 39.9), 'LW': (29.2, 59.9), 'ST': (30.0, 38.9), 'RW': (31.4, 24.4)}}","(28.0, 54.3)","(17.9, 57.6)"
,nan,0.0,success,"{'home': {'GK': (8.9, 44.5), 'LCB': (17.4, 38.9), 'RCB': (18.0, 45.0), 'LB': (18.3, 27.8), 'RB': (16.8, 58.4), 'LCM': (34.0, 32.8), 'RCM': (28.8, 55.6), 'CDM': (30.3, 44.1), 'LW': (41.4, 26.8), 'ST': (43.9, 41.2), 'RW': (43.8, 62.3)}, 'away': {'GK': (73.1, 43.4), 'LCB': (55.5, 45.7), 'RCB': (54.9, 39.9), 'LB': (51.0, 60.9), 'RB': (59.8, 23.8), 'LCM': (36.1, 57.3), 'RCM': (38.2, 30.9), 'CDM': (43.4, 43.5), 'LW': (33.0, 58.3), 'ST': (32.0, 42.3), 'RW': (36.6, 24.4)}}","(33.0, 58.3)","(73.1, 43.4)"
short,14.9,0.0,success,"{'home': {'GK': (6.9, 44.3), 'LCB': (16.7, 38.8), 'RCB': (17.5, 44.9), 'LB': (16.9, 27.8), 'RB': (15.5, 57.0), 'LCM': (31.0, 32.3), 'RCM': (28.7, 53.9), 'CDM': (29.0, 43.9), 'LW': (42.0, 26.2), 'ST': (42.8, 41.7), 'RW': (40.5, 60.0)}, 'away': {'GK': (69.5, 42.0), 'LCB': (55.5, 47.2), 'RCB': (52.7, 39.2), 'LB': (50.5, 62.0), 'RB': (56.5, 22.9), 'LCM': (36.1, 56.7), 'RCM': (37.1, 31.6), 'CDM': (41.2, 42.4), 'LW': (31.2, 57.2), 'ST': (29.8, 43.4), 'RW': (34.9, 25.4)}}","(69.5, 42.0)","(55.5, 47.2)"
medium,29.9,0.3,success,"{'home': {'GK': (5.9, 43.4), 'LCB': (16.6, 39.6), 'RCB': (15.9, 45.3), 'LB': (15.3, 28.7), 'RB': (13.3, 58.0), 'LCM': (29.5, 32.8), 'RCM': (29.6, 52.7), 'CDM': (28.1, 43.2), 'LW': (40.0, 26.9), 'ST': (42.9, 42.3), 'RW': (38.5, 58.6)}, 'away': {'GK': (69.5, 40.2), 'LCB': (54.2, 45.4), 'RCB': (52.0, 39.3), 'LB': (50.5, 61.0), 'RB': (54.3, 23.5), 'LCM': (35.1, 58.2), 'RCM': (37.6, 32.5), 'CDM': (38.4, 41.8), 'LW': (27.6, 59.2), 'ST': (26.9, 44.1), 'RW': (34.0, 25.0)}}","(54.2, 45.4)","(27.6, 59.2)"
medium,23.6,0.5,success,"{'home': {'GK': (3.9, 43.5), 'LCB': (14.5, 39.3), 'RCB': (14.7, 45.9), 'LB': (15.1, 29.6), 'RB': (11.9, 59.3), 'LCM': (28.8, 33.8), 'RCM': (27.0, 54.4), 'CDM': (27.6, 44.2), 'LW': (39.3, 28.3), 'ST': (42.8, 43.2), 'RW': (39.2, 57.7)}, 'away': {'GK': (70.3, 38.5), 'LCB': (51.6, 44.9), 'RCB': (50.5, 37.4), 'LB': (51.2, 60.2), 'RB': (54.4, 23.4), 'LCM': (33.7, 59.6), 'RCM': (37.3, 31.1), 'CDM': (39.2, 43.4), 'LW': (27.6, 59.2), 'ST': (25.9, 43.9), 'RW': (32.6, 25.4)}}","(51.2, 60.2)","(27.6, 59.2)"
long,42.2,0.1,failed,"{'home': {'GK': (3.8, 42.6), 'LCB': (12.9, 39.5), 'RCB': (15.7, 46.5), 'LB': (14.0, 29.3), 'RB': (12.0, 60.1), 'LCM': (28.8, 34.8), 'RCM': (25.0, 53.9), 'CDM': (25.3, 45.2), 'LW': (37.7, 27.5), 'ST': (42.8, 42.5), 'RW': (39.3, 58.5)}, 'away': {'GK': (69.5, 39.1), 'LCB': (50.5, 43.7), 'RCB': (50.5, 37.1), 'LB': (50.5, 60.4), 'RB': (54.0, 24.4), 'LCM': (32.7, 60.9), 'RCM': (37.1, 30.3), 'CDM': (39.8, 43.9), 'LW': (27.6, 59.2), 'ST': (24.1, 43.3), 'RW': (29.0, 24.0)}}","(50.5, 60.4)","(29.0, 24.0)"
short,18.0,0.0,success,"{'home': {'GK': (5.0, 40.0), 'LCB': (15.0, 35.0), 'RCB': (15.0, 45.0), 'LB': (15.0, 20.0), 'RB': (15.0, 60.0), 'LCM': (30.0, 25.0), 'RCM': (30.0, 55.0), 'CDM': (25.0, 40.0), 'LW': (40.0, 20.0), 'ST': (40.0, 40.0), 'RW': (40.0, 60.0)}, 'away': {'GK': (75.0, 40.0), 'LCB': (65.0, 45.0), 'RCB': (65.0, 35.0), 'LB': (65.0, 60.0), 'RB': (65.0, 20.0), 'LCM': (50.0, 55.0), 'RCM': (50.0, 25.0), 'CDM': (55.0, 40.0), 'LW': (40.0, 60.0), 'ST': (40.0, 40.0), 'RW': (40.0, 20.0)}}","(40.0, 40.0)","(30.0, 25.0)"
medium,29.5,0.0,success,"{'home': {'GK': (10.1, 38.8), 'LCB': (17.8, 35.0), 'RCB': (17.2, 45.9), 'LB': (18.4, 18.9), 'RB': (16.6, 60.4), 'LCM': (33.6, 25.0), 'RCM': (30.8, 54.4), 'CDM': (27.1, 41.5), 'LW': (43.3, 18.3), 'ST': (43.8, 40.0), 'RW': (43.0, 60.6)}, 'away': {'GK': (76.3, 38.3), 'LCB': (64.6, 44.9), 'RCB': (66.1, 35.3), 'LB': (67.0, 57.9), 'RB': (66.1, 20.1), 'LCM': (52.2, 52.6), 'RCM': (50.8, 26.1), 'CDM': (54.8, 38.5), 'LW': (40.2, 58.1), 'ST': (40.6, 40.3), 'RW': (42.1, 19.8)}}","(33.6, 25.0)","(30.8, 54.4)"
short,12.8,0.0,success,"{'home': {'GK': (10.5, 40.2), 'LCB': (20.2, 35.0), 'RCB': (24.6, 46.6), 'LB': (23.1, 19.4), 'RB': (19.2, 58.8), 'LCM': (37.1, 24.7), 'RCM': (33.4, 55.7), 'CDM': (32.2, 42.0), 'LW': (44.2, 19.3), 'ST': (44.9, 40.8), 'RW': (47.0, 63.1)}, 'away': {'GK': (72.2, 39.9), 'LCB': (65.6, 44.8), 'RCB': (64.3, 35.1), 'LB': (67.1, 56.6), 'RB': (64.4, 24.1), 'LCM': (53.6, 52.6), 'RCM': (50.1, 27.6), 'CDM': (57.4, 40.7), 'LW': (39.8, 57.7), 'ST': (42.6, 40.5), 'RW': (38.5, 20.8)}}","(44.9, 40.8)","(32.2, 42.0)"
medium,27.3,0.0,success,"{'home': {'GK': (10.5, 38.9), 'LCB': (21.5, 35.5), 'RCB': (29.0, 45.6), 'LB': (25.3, 17.9), 'RB': (21.5, 58.6), 'LCM': (37.2, 25.2), 'RCM': (34.1, 55.4), 'CDM': (39.6, 41.3), 'LW': (48.1, 19.4), 'ST': (45.1, 39.1), 'RW': (49.5, 63.6)}, 'away': {'GK': (72.6, 41.1), 'LCB': (67.3, 44.5), 'RCB': (66.3, 35.1), 'LB': (67.1, 56.2), 'RB': (65.9, 24.0), 'LCM': (54.5, 52.7), 'RCM': (51.5, 28.7), 'CDM': (57.3, 41.2), 'LW': (39.0, 57.1), 'ST': (43.4, 40.3), 'RW': (40.0, 21.2)}}","(29.0, 45.6)","(49.5, 63.6)"
medium,33.9,0.1,failed,"{'home': {'GK': (8.0, 39.7), 'LCB': (20.4, 36.3), 'RCB': (25.9, 46.8), 'LB': (24.6, 18.9), 'RB': (19.6, 57.7), 'LCM': (35.8, 25.3), 'RCM': (36.1, 52.5), 'CDM': (35.1, 41.5), 'LW': (44.3, 19.4), 'ST': (43.9, 38.2), 'RW': (49.8, 60.6)}, 'away': {'GK': (71.0, 40.4), 'LCB': (64.6, 46.2), 'RCB': (66.0, 39.0), 'LB': (67.9, 57.6), 'RB': (64.5, 23.4), 'LCM': (50.7, 54.1), 'RCM': (48.0, 28.6), 'CDM': (53.5, 41.6), 'LW': (39.6, 60.4), 'ST': (39.9, 41.2), 'RW': (39.3, 24.8)}}","(66.0, 39.0)","(39.6, 60.4)"
medium,20.3,0.0,success,"{'home': {'GK': (10.5, 38.2), 'LCB': (21.0, 35.9), 'RCB': (27.9, 47.1), 'LB': (25.4, 19.0), 'RB': (23.1, 57.4), 'LCM': (35.2, 23.7), 'RCM': (38.4, 52.6), 'CDM': (34.8, 41.8), 'LW': (46.0, 21.2), 'ST': (46.0, 37.8), 'RW': (51.9, 58.9)}, 'away': {'GK': (72.6, 41.5), 'LCB': (65.8, 45.0), 'RCB': (66.8, 38.4), 'LB': (68.9, 58.0), 'RB': (64.9, 23.4), 'LCM': (51.2, 52.4), 'RCM': (47.9, 27.8), 'CDM': (56.0, 40.4), 'LW': (39.5, 59.6), 'ST': (41.0, 40.1), 'RW': (41.0, 24.3)}}","(46.0, 37.8)","(27.9, 47.1)"
short,10.9,0.0,success,"{'home': {'GK': (10.5, 37.4), 'LCB': (24.8, 36.7), 'RCB': (29.5, 46.5), 'LB': (28.5, 18.4), 'RB': (22.8, 58.8), 'LCM': (36.9, 22.0), 'RCM': (38.7, 53.9), 'CDM': (33.7, 40.9), 'LW': (48.7, 22.8), 'ST': (45.7, 38.3), 'RW': (53.7, 60.1)}, 'away': {'GK': (74.4, 42.5), 'LCB': (66.8, 45.9), 'RCB': (66.7, 38.4), 'LB': (67.6, 57.9), 'RB': (65.8, 23.6), 'LCM': (52.5, 51.9), 'RCM': (49.3, 28.4), 'CDM': (56.5, 41.0), 'LW': (39.4, 59.5), 'ST': (40.8, 41.0), 'RW': (41.9, 25.1)}}","(29.5, 46.5)","(24.8, 36.7)"
medium,37.7,0.0,success,"{'home': {'GK': (10.5, 38.0), 'LCB': (24.7, 37.4), 'RCB': (29.5, 44.9), 'LB': (27.1, 18.6), 'RB': (25.0, 58.3), 'LCM': (37.1, 21.3), 'RCM': (42.5, 55.5), 'CDM': (33.0, 39.3), 'LW': (50.4, 23.0), 'ST': (47.5, 38.6), 'RW': (54.7, 60.2)}, 'away': {'GK': (76.6, 41.4), 'LCB': (66.8, 44.7), 'RCB': (67.0, 38.2), 'LB': (67.5, 57.7), 'RB': (67.9, 24.5), 'LCM': (53.8, 50.7), 'RCM': (51.3, 27.8), 'CDM': (57.4, 39.5), 'LW': (40.2, 59.1), 'ST': (41.1, 41.1), 'RW': (43.1, 23.8)}}","(24.7, 37.4)","(54.7, 60.2)"
medium,26.5,0.0,success,"{'home': {'GK': (10.5, 37.4), 'LCB': (24.9, 36.5), 'RCB': (29.5, 46.3), 'LB': (29.5, 18.9), 'RB': (28.5, 57.1), 'LCM': (38.0, 21.2), 'RCM': (43.9, 54.6), 'CDM': (36.1, 40.0), 'LW': (51.6, 22.4), 'ST': (50.7, 36.9), 'RW': (54.9, 58.5)}, 'away': {'GK': (78.3, 43.2), 'LCB': (67.1, 45.6), 'RCB': (69.3, 38.6), 'LB': (66.3, 58.1), 'RB': (66.8, 26.7), 'LCM': (52.3, 52.4), 'RCM': (50.7, 29.8), 'CDM': (56.3, 41.7), 'LW': (42.1, 59.1), 'ST': (41.2, 42.6), 'RW': (45.1, 26.2)}}","(54.9, 58.5)","(28.5, 57.1)"
short,14.3,0.0,success,"{'home': {'GK': (10.5, 37.7), 'LCB': (25.0, 37.6), 'RCB': (28.0, 44.6), 'LB': (28.8, 18.8), 'RB': (29.4, 58.8), 'LCM': (38.5, 23.0), 'RCM': (45.3, 54.7), 'CDM': (35.9, 40.2), 'LW': (52.7, 22.2), 'ST': (50.5, 35.5), 'RW': (56.5, 57.8)}, 'away': {'GK': (77.1, 42.6), 'LCB': (66.8, 45.0), 'RCB': (68.3, 39.6), 'LB': (66.2, 57.5), 'RB': (68.9, 27.8), 'LCM': (54.4, 53.7), 'RCM': (50.5, 30.4), 'CDM': (55.8, 42.7), 'LW': (41.6, 58.7), 'ST': (41.8, 42.1), 'RW': (45.1, 27.9)}}","(29.4, 58.8)","(28.0, 44.6)"
,nan,0.0,success,"{'home': {'GK': (8.6, 39.6), 'LCB': (22.3, 38.4), 'RCB': (26.7, 46.2), 'LB': (24.6, 19.7), 'RB': (27.0, 58.2), 'LCM': (36.3, 23.7), 'RCM': (41.0, 52.8), 'CDM': (36.2, 39.5), 'LW': (50.8, 21.6), 'ST': (46.7, 36.9), 'RW': (55.7, 56.5)}, 'away': {'GK': (74.7, 39.7), 'LCB': (66.0, 45.3), 'RCB': (67.1, 38.1), 'LB': (62.5, 59.3), 'RB': (68.8, 27.5), 'LCM': (54.0, 52.7), 'RCM': (47.2, 29.1), 'CDM': (54.6, 43.5), 'LW': (40.1, 59.0), 'ST': (39.9, 41.0), 'RW': (42.9, 27.0)}}","(39.9, 41.0)","(74.7, 39.7)"
short,15.0,0.0,success,"{'home': {'GK': (5.0, 40.0), 'LCB': (15.0, 35.0), 'RCB': (15.0, 45.0), 'LB': (15.0, 20.0), 'RB': (15.0, 60.0), 'LCM': (30.0, 25.0), 'RCM': (30.0, 55.0), 'CDM': (25.0, 40.0), 'LW': (40.0, 20.0), 'ST': (40.0, 40.0), 'RW': (40.0, 60.0)}, 'away': {'GK': (75.0, 40.0), 'LCB': (65.0, 45.0), 'RCB': (65.0, 35.0), 'LB': (65.0, 60.0), 'RB': (65.0, 20.0), 'LCM': (50.0, 55.0), 'RCM': (50.0, 25.0), 'CDM': (55.0, 40.0), 'LW': (40.0, 60.0), 'ST': (40.0, 40.0), 'RW': (40.0, 20.0)}}","(40.0, 40.0)","(25.0, 40.0)"
,nan,0.0,success,"{'home': {'GK': (4.9, 39.2), 'LCB': (17.7, 33.5), 'RCB': (15.1, 45.6), 'LB': (18.1, 20.5), 'RB': (16.0, 58.9), 'LCM': (33.8, 25.3), 'RCM': (31.1, 53.4), 'CDM': (29.9, 42.1), 'LW': (40.4, 22.5), 'ST': (42.9, 41.4), 'RW': (41.5, 60.8)}, 'away': {'GK': (71.7, 41.0), 'LCB': (64.5, 43.0), 'RCB': (62.6, 33.9), 'LB': (64.5, 58.4), 'RB': (64.0, 19.8), 'LCM': (50.0, 52.7), 'RCM': (47.8, 25.8), 'CDM': (56.0, 40.4), 'LW': (35.4, 57.8), 'ST': (37.7, 38.8), 'RW': (39.6, 18.9)}}","(37.7, 38.8)","(71.7, 41.0)"
medium,33.8,0.3,failed,"{'home': {'GK': (4.0, 39.6), 'LCB': (18.0, 34.9), 'RCB': (15.3, 44.1), 'LB': (18.3, 22.3), 'RB': (15.2, 59.0), 'LCM': (33.7, 27.2), 'RCM': (31.3, 53.0), 'CDM': (27.4, 41.1), 'LW': (38.1, 23.9), 'ST': (42.8, 42.4), 'RW': (38.8, 60.4)}, 'away': {'GK': (70.1, 41.3), 'LCB': (64.1, 42.6), 'RCB': (59.5, 33.1), 'LB': (63.1, 59.5), 'RB': (61.2, 18.3), 'LCM': (47.8, 52.9), 'RCM': (44.3, 27.4), 'CDM': (53.0, 40.6), 'LW': (32.9, 58.6), 'ST': (36.5, 37.8), 'RW': (37.9, 20.1)}}","(70.1, 41.3)","(36.5, 37.8)"
short,16.3,0.0,failed,"{'home': {'GK': (5.4, 38.3), 'LCB': (20.0, 33.7), 'RCB': (18.6, 43.9), 'LB': (20.8, 22.3), 'RB': (16.2, 57.6), 'LCM': (35.0, 26.9), 'RCM': (33.7, 54.7), 'CDM': (28.6, 42.5), 'LW': (40.7, 22.7), 'ST': (44.8, 41.3), 'RW': (42.0, 62.1)}, 'away': {'GK': (71.6, 41.5), 'LCB': (63.7, 43.0), 'RCB': (61.8, 33.8), 'LB': (65.6, 58.3), 'RB': (62.5, 19.7), 'LCM': (47.8, 53.3), 'RCM': (47.7, 28.0), 'CDM': (54.3, 39.4), 'LW': (34.4, 59.1), 'ST': (38.3, 37.3), 'RW': (39.5, 21.9)}}","(44.8, 41.3)","(28.6, 42.5)"
medium,33.1,0.3,success,"{'home': {'GK': (4.2, 38.4), 'LCB': (18.3, 33.8), 'RCB': (15.9, 44.3), 'LB': (19.5, 22.5), 'RB': (15.7, 56.0), 'LCM': (33.5, 27.8), 'RCM': (33.2, 53.1), 'CDM': (26.9, 43.0), 'LW': (40.5, 22.5), 'ST': (42.8, 41.1), 'RW': (40.6, 61.2)}, 'away': {'GK': (69.5, 41.6), 'LCB': (60.7, 44.3), 'RCB': (59.6, 33.9), 'LB': (62.8, 57.8), 'RB': (61.0, 18.7), 'LCM': (44.1, 54.3), 'RCM': (46.6, 26.3), 'CDM': (51.2, 38.4), 'LW': (34.8, 60.0), 'ST': (36.7, 37.9), 'RW': (38.5, 22.7)}}","(69.5, 41.6)","(36.7, 37.9)"
,nan,0.0,success,"{'home': {'GK': (2.7, 39.5), 'LCB': (17.5, 33.3), 'RCB': (15.5, 44.5), 'LB': (18.8, 22.8), 'RB': (13.8, 55.1), 'LCM': (33.2, 28.0), 'RCM': (32.0, 52.8), 'CDM': (24.3, 42.0), 'LW': (40.9, 23.8), 'ST': (43.7, 41.0), 'RW': (38.7, 60.2)}, 'away': {'GK': (70.5, 40.5), 'LCB': (58.1, 44.1), 'RCB': (57.0, 33.1), 'LB': (59.4, 57.8), 'RB': (59.2, 17.6), 'LCM': (43.1, 53.2), 'RCM': (45.8, 25.0), 'CDM': (48.7, 37.8), 'LW': (34.3, 60.6), 'ST': (37.2, 38.7), 'RW': (39.1, 21.0)}}","(37.2, 38.7)","(70.5, 40.5)"
medium,29.9,0.4,failed,"{'home': {'GK': (2.8, 40.2), 'LCB': (16.3, 34.0), 'RCB': (18.1, 44.3), 'LB': (19.2, 23.9), 'RB': (15.1, 55.4), 'LCM': (30.8, 30.3), 'RCM': (33.1, 53.0), 'CDM': (28.0, 40.1), 'LW': (43.4, 22.4), 'ST': (42.3, 41.2), 'RW': (39.1, 58.1)}, 'away': {'GK': (69.7, 41.1), 'LCB': (58.4, 42.7), 'RCB': (55.7, 35.5), 'LB': (58.6, 60.0), 'RB': (59.0, 17.2), 'LCM': (40.8, 53.1), 'RCM': (42.4, 23.0), 'CDM': (43.7, 40.5), 'LW': (35.6, 60.8), 'ST': (32.6, 38.6), 'RW': (35.5, 23.4)}}","(58.4, 42.7)","(35.5, 23.4)"
medium,33.1,0.2,failed,"{'home': {'GK': (4.7, 39.3), 'LCB': (17.9, 34.8), 'RCB': (18.0, 43.4), 'LB': (20.2, 23.9), 'RB': (14.8, 55.4), 'LCM': (29.2, 31.0), 'RCM': (30.8, 51.6), 'CDM': (30.0, 39.6), 'LW': (41.3, 20.7), 'ST': (40.5, 40.5), 'RW': (42.2, 58.3)}, 'away': {'GK': (71.7, 40.9), 'LCB': (58.7, 43.4), 'RCB': (58.1, 35.0), 'LB': (58.4, 57.8), 'RB': (55.1, 17.3), 'LCM': (38.2, 51.1), 'RCM': (40.9, 25.5), 'CDM': (45.7, 41.4), 'LW': (34.0, 60.8), 'ST': (34.5, 39.5), 'RW': (32.0, 23.8)}}","(58.7, 43.4)","(32.0, 23.8)"
medium,31.4,0.2,success,"{'home': {'GK': (5.9, 39.9), 'LCB': (18.7, 33.3), 'RCB': (18.6, 44.1), 'LB': (18.7, 23.9), 'RB': (17.3, 56.9), 'LCM': (31.2, 27.8), 'RCM': (32.0, 52.9), 'CDM': (30.0, 38.7), 'LW': (40.0, 22.3), 'ST': (39.5, 41.4), 'RW': (43.8, 56.6)}, 'away': {'GK': (71.1, 38.0), 'LCB': (59.0, 44.8), 'RCB': (56.5, 33.5), 'LB': (57.7, 57.2), 'RB': (55.4, 17.8), 'LCM': (37.8, 50.9), 'RCM': (40.9, 24.1), 'CDM': (45.6, 40.2), 'LW': (32.1, 60.8), 'ST': (31.0, 40.1), 'RW': (34.2, 22.9)}}","(59.0, 44.8)","(32.1, 60.8)"
,nan,0.0,success,"{'home': {'GK': (5.0, 41.3), 'LCB': (16.6, 36.0), 'RCB': (19.9, 47.6), 'LB': (18.1, 27.1), 'RB': (17.2, 59.9), 'LCM': (31.6, 27.2), 'RCM': (33.7, 54.2), 'CDM': (31.5, 41.6), 'LW': (41.7, 24.3), 'ST': (40.2, 43.0), 'RW': (40.8, 57.0)}, 'away': {'GK': (69.5, 41.1), 'LCB': (55.9, 46.7), 'RCB': (58.2, 36.9), 'LB': (55.2, 60.4), 'RB': (55.5, 17.4), 'LCM': (39.0, 54.1), 'RCM': (41.6, 26.4), 'CDM': (45.7, 39.6), 'LW': (29.9, 62.0), 'ST': (29.0, 41.6), 'RW': (33.5, 24.0)}}","(29.9, 62.0)","(69.5, 41.1)"
long,46.6,0.0,failed,"{'home': {'GK': (3.4, 42.2), 'LCB': (15.4, 36.1), 'RCB': (17.7, 47.4), 'LB': (16.7, 26.6), 'RB': (15.7, 58.9), 'LCM': (30.6, 28.6), 'RCM': (33.9, 53.2), 'CDM': (30.1, 41.6), 'LW': (41.3, 24.6), 'ST': (39.4, 41.4), 'RW': (39.4, 56.5)}, 'away': {'GK': (69.5, 42.3), 'LCB': (53.3, 45.4), 'RCB': (59.4, 37.8), 'LB': (52.9, 59.9), 'RB': (54.7, 16.9), 'LCM': (38.2, 53.7), 'RCM': (39.0, 27.0), 'CDM': (45.9, 38.1), 'LW': (27.1, 61.5), 'ST': (27.0, 41.3), 'RW': (33.0, 22.2)}}","(69.5, 42.3)","(27.1, 61.5)"
medium,25.0,0.0,success,"{'home': {'GK': (6.1, 40.3), 'LCB': (18.3, 36.4), 'RCB': (19.5, 48.6), 'LB': (18.8, 27.1), 'RB': (18.4, 58.9), 'LCM': (33.7, 29.1), 'RCM': (35.3, 52.2), 'CDM': (34.2, 41.9), 'LW': (45.7, 25.8), 'ST': (42.6, 42.2), 'RW': (41.5, 55.3)}, 'away': {'GK': (70.8, 41.8), 'LCB': (56.9, 44.8), 'RCB': (61.4, 37.7), 'LB': (56.5, 59.6), 'RB': (56.8, 19.5), 'LCM': (42.3, 53.8), 'RCM': (40.8, 28.3), 'CDM': (48.6, 39.0), 'LW': (28.9, 59.3), 'ST': (30.6, 42.1), 'RW': (33.4, 23.1)}}","(42.6, 42.2)","(18.3, 36.4)"
short,12.9,0.0,success,"{'home': {'GK': (10.5, 41.8), 'LCB': (18.6, 36.5), 'RCB': (19.2, 49.3), 'LB': (19.8, 25.0), 'RB': (19.4, 59.8), 'LCM': (34.4, 29.3), 'RCM': (36.7, 50.9), 'CDM': (34.6, 42.4), 'LW': (44.9, 23.5), 'ST': (45.1, 43.5), 'RW': (43.9, 54.5)}, 'away': {'GK': (72.4, 40.5), 'LCB': (60.0, 45.2), 'RCB': (62.9, 36.2), 'LB': (57.9, 58.1), 'RB': (58.1, 19.8), 'LCM': (44.6, 52.9), 'RCM': (42.8, 28.5), 'CDM': (51.0, 38.7), 'LW': (31.2, 57.6), 'ST': (32.1, 42.2), 'RW': (33.7, 24.1)}}","(18.6, 36.5)","(19.2, 49.3)"
short,12.6,0.0,success,"{'home': {'GK': (10.5, 43.4), 'LCB': (17.9, 36.1), 'RCB': (20.9, 47.1), 'LB': (20.7, 26.1), 'RB': (21.8, 59.7), 'LCM': (36.9, 27.4), 'RCM': (39.6, 51.5), 'CDM': (34.3, 42.7), 'LW': (46.7, 24.4), 'ST': (44.5, 43.8), 'RW': (45.2, 55.9)}, 'away': {'GK': (71.9, 41.7), 'LCB': (61.2, 45.3), 'RCB': (64.1, 37.4), 'LB': (60.7, 57.0), 'RB': (61.5, 21.0), 'LCM': (45.4, 52.6), 'RCM': (44.5, 29.1), 'CDM': (54.0, 40.5), 'LW': (33.3, 58.4), 'ST': (33.3, 42.0), 'RW': (36.0, 25.6)}}","(20.9, 47.1)","(21.8, 59.7)"
short,12.9,0.0,success,"{'home': {'GK': (10.5, 43.7), 'LCB': (19.4, 34.3), 'RCB': (21.8, 46.8), 'LB': (23.1, 26.3), 'RB': (21.5, 59.7), 'LCM': (37.1, 27.8), 'RCM': (40.7, 50.6), 'CDM': (37.7, 42.8), 'LW': (48.2, 22.5), 'ST': (46.8, 44.4), 'RW': (46.7, 57.4)}, 'away': {'GK': (71.4, 41.8), 'LCB': (63.3, 45.7), 'RCB': (64.4, 38.4), 'LB': (61.7, 58.4), 'RB': (64.6, 22.9), 'LCM': (47.5, 52.3), 'RCM': (46.9, 31.0), 'CDM': (53.4, 42.4), 'LW': (35.9, 58.8), 'ST': (33.3, 42.6), 'RW': (36.1, 26.6)}}","(21.5, 59.7)","(21.8, 46.8)"
,nan,0.0,failed,"{'home': {'GK': (8.8, 43.7), 'LCB': (18.7, 34.2), 'RCB': (26.3, 46.5), 'LB': (21.0, 26.0), 'RB': (19.3, 56.9), 'LCM': (36.6, 28.4), 'RCM': (39.9, 50.1), 'CDM': (36.0, 43.0), 'LW': (48.3, 25.0), 'ST': (47.5, 45.3), 'RW': (48.2, 56.7)}, 'away': {'GK': (69.5, 42.0), 'LCB': (61.6, 46.6), 'RCB': (66.4, 39.2), 'LB': (58.7, 60.4), 'RB': (62.6, 25.1), 'LCM': (45.9, 52.2), 'RCM': (46.9, 30.4), 'CDM': (51.5, 43.4), 'LW': (36.2, 57.7), 'ST': (34.6, 42.0), 'RW': (37.0, 27.4)}}","(34.6, 42.0)","(69.5, 42.0)"
,nan,0.0,success,"{'home': {'GK': (9.2, 41.6), 'LCB': (19.8, 33.7), 'RCB': (27.1, 45.8), 'LB': (22.8, 25.9), 'RB': (20.3, 57.0), 'LCM': (36.9, 30.6), 'RCM': (40.8, 51.7), 'CDM': (34.2, 41.9), 'LW': (49.8, 25.2), 'ST': (45.0, 43.7), 'RW': (46.9, 55.6)}, 'away': {'GK': (69.6, 41.3), 'LCB': (61.6, 44.7), 'RCB': (64.3, 37.9), 'LB': (61.0, 62.0), 'RB': (63.6, 23.9), 'LCM': (44.4, 52.5), 'RCM': (44.3, 29.0), 'CDM': (52.4, 42.4), 'LW': (34.1, 57.8), 'ST': (33.7, 41.0), 'RW': (36.0, 25.0)}}","(33.7, 41.0)","(69.6, 41.3)"
medium,37.8,0.3,success,"{'home': {'GK': (6.7, 41.7), 'LCB': (17.4, 34.9), 'RCB': (24.9, 46.3), 'LB': (19.8, 26.7), 'RB': (18.6, 56.1), 'LCM': (36.1, 31.1), 'RCM': (38.6, 52.0), 'CDM': (32.6, 42.1), 'LW': (47.4, 24.5), 'ST': (44.4, 43.1), 'RW': (44.9, 55.6)}, 'away': {'GK': (69.5, 41.2), 'LCB': (60.6, 43.9), 'RCB': (61.3, 39.0), 'LB': (60.4, 60.5), 'RB': (62.9, 21.9), 'LCM': (43.7, 52.6), 'RCM': (40.8, 29.1), 'CDM': (52.6, 41.0), 'LW': (31.8, 56.6), 'ST': (29.8, 42.7), 'RW': (35.9, 23.7)}}","(69.5, 41.2)","(35.9, 23.7)"
,nan,0.0,success,"{'home': {'GK': (4.3, 41.6), 'LCB': (14.9, 35.4), 'RCB': (22.5, 45.1), 'LB': (16.7, 25.8), 'RB': (16.4, 55.4), 'LCM': (35.3, 29.2), 'RCM': (38.1, 50.0), 'CDM': (30.8, 41.2), 'LW': (46.3, 22.7), 'ST': (42.9, 41.7), 'RW': (41.9, 54.0)}, 'away': {'GK': (69.5, 42.4), 'LCB': (60.1, 42.5), 'RCB': (58.0, 39.7), 'LB': (58.9, 60.6), 'RB': (59.2, 20.9), 'LCM': (43.4, 53.9), 'RCM': (38.3, 28.9), 'CDM': (51.5, 40.6), 'LW': (30.2, 57.2), 'ST': (26.0, 40.7), 'RW': (30.6, 24.1)}}","(30.6, 24.1)","(69.5, 42.4)"
long,45.9,0.1,failed,"{'home': {'GK': (2.9, 40.5), 'LCB': (13.5, 36.2), 'RCB': (20.2, 44.0), 'LB': (15.0, 26.9), 'RB': (14.3, 55.9), 'LCM': (33.1, 29.7), 'RCM': (36.1, 49.6), 'CDM': (29.8, 41.7), 'LW': (45.8, 23.8), 'ST': (41.8, 41.0), 'RW': (41.0, 54.9)}, 'away': {'GK': (69.5, 41.9), 'LCB': (60.5, 42.1), 'RCB': (57.8, 39.4), 'LB': (57.7, 60.9), 'RB': (56.1, 21.9), 'LCM': (40.9, 53.2), 'RCM': (35.0, 27.3), 'CDM': (52.2, 38.9), 'LW': (30.3, 58.1), 'ST': (24.4, 41.0), 'RW': (27.8, 22.8)}}","(69.5, 41.9)","(27.8, 22.8)"
short,15.1,0.1,success,"{'home': {'GK': (5.6, 38.7), 'LCB': (18.0, 37.4), 'RCB': (21.0, 44.7), 'LB': (18.4, 25.7), 'RB': (17.1, 55.3), 'LCM': (33.5, 30.2), 'RCM': (36.9, 49.5), 'CDM': (29.7, 40.5), 'LW': (46.2, 24.3), 'ST': (44.5, 39.3), 'RW': (42.6, 54.1)}, 'away': {'GK': (72.1, 41.3), 'LCB': (62.3, 41.7), 'RCB': (58.6, 38.3), 'LB': (59.2, 59.8), 'RB': (57.9, 23.1), 'LCM': (43.6, 51.9), 'RCM': (37.9, 28.9), 'CDM': (53.0, 38.7), 'LW': (32.0, 58.5), 'ST': (27.6, 39.7), 'RW': (31.3, 22.9)}}","(44.5, 39.3)","(46.2, 24.3)"
short,14.4,0.3,success,"{'home': {'GK': (9.0, 37.3), 'LCB': (18.6, 37.5), 'RCB': (21.4, 45.8), 'LB': (19.0, 25.9), 'RB': (21.7, 54.5), 'LCM': (34.0, 29.2), 'RCM': (38.4, 49.3), 'CDM': (33.6, 39.9), 'LW': (49.2, 25.5), 'ST': (47.1, 39.8), 'RW': (46.3, 56.2)}, 'away': {'GK': (72.0, 40.7), 'LCB': (64.7, 40.5), 'RCB': (60.3, 37.8), 'LB': (59.9, 59.2), 'RB': (59.9, 23.8), 'LCM': (45.3, 51.0), 'RCM': (39.7, 27.7), 'CDM': (54.1, 38.7), 'LW': (35.0, 57.9), 'ST': (29.2, 38.3), 'RW': (33.3, 23.5)}}","(49.2, 25.5)","(47.1, 39.8)"
medium,31.0,0.0,success,"{'home': {'GK': (10.5, 38.3), 'LCB': (22.0, 37.0), 'RCB': (24.3, 45.9), 'LB': (21.2, 25.9), 'RB': (23.0, 56.8), 'LCM': (37.6, 27.6), 'RCM': (37.4, 51.0), 'CDM': (34.2, 40.7), 'LW': (50.1, 26.3), 'ST': (49.0, 39.6), 'RW': (49.8, 57.9)}, 'away': {'GK': (73.6, 39.5), 'LCB': (66.1, 39.9), 'RCB': (61.6, 38.5), 'LB': (59.6, 58.3), 'RB': (60.6, 24.5), 'LCM': (47.6, 51.7), 'RCM': (41.1, 29.1), 'CDM': (53.6, 39.4), 'LW': (37.0, 56.2), 'ST': (30.5, 39.2), 'RW': (33.7, 24.2)}}","(49.0, 39.6)","(21.2, 25.9)"
,nan,0.0,success,"{'home': {'GK': (9.2, 37.2), 'LCB': (17.6, 35.2), 'RCB': (23.1, 46.1), 'LB': (19.4, 23.4), 'RB': (19.8, 56.0), 'LCM': (36.8, 25.4), 'RCM': (34.5, 51.6), 'CDM': (34.9, 38.5), 'LW': (51.8, 24.8), 'ST': (47.5, 38.3), 'RW': (48.4, 56.7)}, 'away': {'GK': (70.9, 39.1), 'LCB': (64.1, 41.1), 'RCB': (60.8, 37.6), 'LB': (56.4, 58.1), 'RB': (61.0, 24.0), 'LCM': (44.6, 48.9), 'RCM': (47.9, 28.4), 'CDM': (52.1, 38.9), 'LW': (30.9, 57.3), 'ST': (33.8, 36.9), 'RW': (34.1, 21.1)}}","(34.1, 21.1)","(70.9, 39.1)"
long,43.6,0.3,success,"{'home': {'GK': (8.6, 37.6), 'LCB': (15.8, 34.9), 'RCB': (20.3, 46.2), 'LB': (16.9, 23.4), 'RB': (18.1, 55.9), 'LCM': (34.7, 27.2), 'RCM': (33.5, 51.7), 'CDM': (31.5, 38.0), 'LW': (48.8, 25.8), 'ST': (46.2, 39.4), 'RW': (44.4, 55.3)}, 'away': {'GK': (69.5, 40.3), 'LCB': (60.2, 41.8), 'RCB': (56.7, 36.9), 'LB': (56.9, 57.9), 'RB': (60.7, 25.4), 'LCM': (40.3, 49.0), 'RCM': (45.9, 29.6), 'CDM': (49.6, 38.6), 'LW': (32.3, 58.0), 'ST': (30.2, 36.7), 'RW': (30.1, 21.7)}}","(69.5, 40.3)","(30.1, 21.7)"
,nan,0.0,success,"{'home': {'GK': (8.4, 36.2), 'LCB': (15.4, 33.6), 'RCB': (19.3, 44.1), 'LB': (15.1, 22.4), 'RB': (17.0, 55.4), 'LCM': (34.1, 26.7), 'RCM': (31.3, 50.5), 'CDM': (29.6, 37.9), 'LW': (47.5, 25.6), 'ST': (43.9, 38.6), 'RW': (42.3, 55.3)}, 'away': {'GK': (69.5, 41.6), 'LCB': (56.2, 42.7), 'RCB': (54.4, 35.3), 'LB': (57.2, 58.6), 'RB': (59.6, 25.5), 'LCM': (37.6, 50.9), 'RCM': (42.4, 27.5), 'CDM': (47.5, 37.3), 'LW': (29.8, 58.5), 'ST': (26.5, 35.7), 'RW': (29.5, 20.8)}}","(29.5, 20.8)","(69.5, 41.6)"
long,46.3,0.1,failed,"{'home': {'GK': (7.1, 36.9), 'LCB': (14.3, 33.8), 'RCB': (18.4, 43.9), 'LB': (14.4, 24.0), 'RB': (17.4, 56.0), 'LCM': (34.6, 26.7), 'RCM': (30.9, 50.2), 'CDM': (28.4, 38.6), 'LW': (47.0, 25.8), 'ST': (42.8, 39.9), 'RW': (41.1, 56.3)}, 'away': {'GK': (69.5, 41.7), 'LCB': (53.4, 42.4), 'RCB': (52.7, 33.9), 'LB': (54.5, 58.0), 'RB': (58.2, 26.4), 'LCM': (37.8, 52.6), 'RCM': (42.8, 27.4), 'CDM': (46.1, 38.7), 'LW': (27.0, 59.4), 'ST': (24.4, 34.3), 'RW': (27.9, 21.3)}}","(69.5, 41.7)","(27.9, 21.3)"
short,15.6,0.1,success,"{'home': {'GK': (8.5, 38.6), 'LCB': (15.4, 35.6), 'RCB': (22.1, 44.8), 'LB': (16.1, 22.8), 'RB': (17.4, 57.8), 'LCM': (36.2, 26.9), 'RCM': (30.8, 51.5), 'CDM': (30.5, 39.8), 'LW': (50.4, 23.7), 'ST': (44.7, 38.2), 'RW': (44.4, 55.7)}, 'away': {'GK': (71.0, 41.7), 'LCB': (56.2, 43.5), 'RCB': (54.1, 34.5), 'LB': (58.2, 58.0), 'RB': (60.6, 26.8), 'LCM': (41.4, 53.3), 'RCM': (43.2, 28.4), 'CDM': (47.6, 39.8), 'LW': (29.8, 59.1), 'ST': (26.9, 36.4), 'RW': (31.1, 21.8)}}","(44.7, 38.2)","(50.4, 23.7)"
medium,25.5,0.0,success,"{'home': {'GK': (5.0, 40.0), 'LCB': (15.0, 35.0), 'RCB': (15.0, 45.0), 'LB': (15.0, 20.0), 'RB': (15.0, 60.0), 'LCM': (30.0, 25.0), 'RCM': (30.0, 55.0), 'CDM': (25.0, 40.0), 'LW': (40.0, 20.0), 'ST': (40.0, 40.0), 'RW': (40.0, 60.0)}, 'away': {'GK': (75.0, 40.0), 'LCB': (65.0, 45.0), 'RCB': (65.0, 35.0), 'LB': (65.0, 60.0), 'RB': (65.0, 20.0), 'LCM': (50.0, 55.0), 'RCM': (50.0, 25.0), 'CDM': (55.0, 40.0), 'LW': (40.0, 60.0), 'ST': (40.0, 40.0), 'RW': (40.0, 20.0)}}","(40.0, 40.0)","(15.0, 35.0)"
short,13.6,0.0,success,"{'home': {'GK': (6.9, 40.7), 'LCB': (17.3, 34.7), 'RCB': (18.9, 45.3), 'LB': (19.0, 21.2), 'RB': (16.8, 58.9), 'LCM': (34.2, 25.6), 'RCM': (33.0, 54.4), 'CDM': (28.6, 40.9), 'LW': (43.0, 18.6), 'ST': (39.9, 41.0), 'RW': (43.1, 61.0)}, 'away': {'GK': (75.3, 40.8), 'LCB': (66.0, 44.9), 'RCB': (65.9, 35.8), 'LB': (65.4, 58.1), 'RB': (65.3, 20.8), 'LCM': (49.2, 55.0), 'RCM': (48.9, 25.8), 'CDM': (54.8, 39.9), 'LW': (41.8, 58.0), 'ST': (40.1, 40.8), 'RW': (42.1, 20.7)}}","(17.3, 34.7)","(19.0, 21.2)"
medium,35.7,0.0,success,"{'home': {'GK': (10.5, 39.8), 'LCB': (20.4, 35.9), 'RCB': (22.7, 46.9), 'LB': (21.2, 21.9), 'RB': (20.0, 57.6), 'LCM': (34.9, 24.7), 'RCM': (36.1, 55.3), 'CDM': (29.2, 39.0), 'LW': (46.7, 19.8), 'ST': (42.0, 41.0), 'RW': (44.2, 60.8)}, 'away': {'GK': (75.9, 39.8), 'LCB': (66.9, 44.7), 'RCB': (67.2, 33.8), 'LB': (66.7, 57.7), 'RB': (66.9, 21.8), 'LCM': (51.3, 52.3), 'RCM': (49.9, 24.4), 'CDM': (56.0, 39.3), 'LW': (42.9, 56.9), 'ST': (39.9, 38.8), 'RW': (41.9, 21.7)}}","(21.2, 21.9)","(20.0, 57.6)"
medium,24.9,0.0,success,"{'home': {'GK': (8.7, 41.2), 'LCB': (20.2, 38.4), 'RCB': (22.6, 45.5), 'LB': (20.7, 24.6), 'RB': (24.9, 58.2), 'LCM': (32.9, 28.4), 'RCM': (35.5, 57.2), 'CDM': (30.9, 41.7), 'LW': (45.8, 22.1), 'ST': (41.8, 42.2), 'RW': (44.5, 62.0)}, 'away': {'GK': (74.0, 41.8), 'LCB': (66.6, 46.7), 'RCB': (63.5, 36.7), 'LB': (63.4, 58.2), 'RB': (68.1, 20.2), 'LCM': (49.0, 54.9), 'RCM': (49.5, 27.4), 'CDM': (57.3, 39.7), 'LW': (40.9, 58.4), 'ST': (35.0, 40.4), 'RW': (39.3, 22.9)}}","(40.9, 58.4)","(57.3, 39.7)"
short,7.1,0.0,success,"{'home': {'GK': (6.6, 40.0), 'LCB': (18.5, 39.0), 'RCB': (22.2, 45.7), 'LB': (18.1, 25.2), 'RB': (22.2, 58.2), 'LCM': (31.3, 28.3), 'RCM': (33.5, 56.4), 'CDM': (28.2, 40.9), 'LW': (44.1, 22.5), 'ST': (41.0, 42.6), 'RW': (41.5, 60.2)}, 'away': {'GK': (73.6, 40.8), 'LCB': (64.8, 45.4), 'RCB': (59.9, 38.1), 'LB': (59.7, 57.3), 'RB': (63.4, 20.9), 'LCM': (47.8, 56.1), 'RCM': (47.9, 28.8), 'CDM': (53.5, 41.3), 'LW': (37.9, 57.2), 'ST': (32.8, 39.6), 'RW': (36.7, 23.9)}}","(59.9, 38.1)","(53.5, 41.3)"
short,19.3,0.5,success,"{'home': {'GK': (6.1, 39.7), 'LCB': (17.3, 37.9), 'RCB': (20.8, 45.3), 'LB': (16.4, 26.1), 'RB': (19.8, 58.4), 'LCM': (31.0, 29.5), 'RCM': (31.8, 54.8), 'CDM': (25.8, 41.7), 'LW': (42.5, 23.9), 'ST': (40.8, 42.1), 'RW': (38.9, 58.8)}, 'away': {'GK': (72.8, 41.9), 'LCB': (61.2, 44.0), 'RCB': (57.1, 36.3), 'LB': (59.4, 57.7), 'RB': (60.9, 22.4), 'LCM': (45.1, 55.1), 'RCM': (45.3, 27.0), 'CDM': (50.5, 42.5), 'LW': (36.9, 58.4), 'ST': (31.2, 41.0), 'RW': (34.8, 24.3)}}","(50.5, 42.5)","(31.2, 41.0)"
,nan,0.0,failed,"{'home': {'GK': (4.7, 38.6), 'LCB': (17.6, 37.4), 'RCB': (18.2, 44.9), 'LB': (16.6, 24.6), 'RB': (18.4, 57.9), 'LCM': (30.2, 29.9), 'RCM': (34.2, 53.3), 'CDM': (25.1, 38.8), 'LW': (41.9, 21.8), 'ST': (40.0, 41.0), 'RW': (37.7, 57.2)}, 'away': {'GK': (69.5, 39.9), 'LCB': (61.1, 43.9), 'RCB': (52.9, 36.3), 'LB': (55.5, 59.8), 'RB': (55.4, 25.2), 'LCM': (44.3, 56.2), 'RCM': (42.8, 25.3), 'CDM': (47.6, 41.9), 'LW': (32.1, 57.5), 'ST': (25.2, 42.3), 'RW': (32.7, 25.2)}}","(25.2, 42.3)","(69.5, 39.9)"
short,8.0,0.0,success,"{'home': {'GK': (7.8, 39.9), 'LCB': (17.9, 36.7), 'RCB': (21.7, 44.2), 'LB': (18.2, 24.7), 'RB': (19.9, 57.0), 'LCM': (32.5, 28.2), 'RCM': (33.4, 52.1), 'CDM': (25.6, 38.9), 'LW': (43.7, 21.3), 'ST': (44.4, 39.8), 'RW': (39.6, 57.1)}, 'away': {'GK': (70.8, 39.9), 'LCB': (63.0, 44.4), 'RCB': (55.7, 37.1), 'LB': (57.2, 59.0), 'RB': (57.9, 26.1), 'LCM': (44.8, 55.0), 'RCM': (45.3, 25.0), 'CDM': (51.3, 42.2), 'LW': (34.2, 57.3), 'ST': (28.6, 42.0), 'RW': (34.9, 26.0)}}","(25.6, 38.9)","(17.9, 36.7)"
medium,21.6,0.0,success,"{'home': {'GK': (10.5, 41.3), 'LCB': (20.8, 36.9), 'RCB': (23.9, 44.2), 'LB': (22.7, 23.5), 'RB': (21.5, 58.4), 'LCM': (35.1, 27.0), 'RCM': (36.9, 52.2), 'CDM': (28.4, 38.2), 'LW': (43.9, 19.5), 'ST': (46.5, 39.0), 'RW': (40.6, 56.6)}, 'away': {'GK': (71.2, 40.3), 'LCB': (62.8, 43.8), 'RCB': (57.6, 36.9), 'LB': (59.2, 57.4), 'RB': (59.9, 25.0), 'LCM': (45.2, 54.6), 'RCM': (46.6, 25.8), 'CDM': (52.2, 41.0), 'LW': (34.9, 55.9), 'ST': (32.4, 42.6), 'RW': (36.2, 24.8)}}","(20.8, 36.9)","(21.5, 58.4)"
,nan,0.0,failed,"{'home': {'GK': (8.3, 40.8), 'LCB': (19.1, 38.4), 'RCB': (22.0, 44.8), 'LB': (21.7, 24.2), 'RB': (21.7, 59.0), 'LCM': (37.0, 27.8), 'RCM': (35.1, 51.3), 'CDM': (29.1, 38.1), 'LW': (42.1, 22.4), 'ST': (43.6, 40.1), 'RW': (41.6, 57.7)}, 'away': {'GK': (72.4, 41.6), 'LCB': (61.0, 45.3), 'RCB': (59.6, 38.7), 'LB': (59.4, 57.9), 'RB': (60.7, 24.8), 'LCM': (45.1, 55.1), 'RCM': (45.4, 27.5), 'CDM': (48.4, 41.1), 'LW': (35.6, 55.3), 'ST': (31.4, 41.5), 'RW': (33.0, 22.7)}}","(35.6, 55.3)","(72.4, 41.6)"
,nan,0.0,success,"{'home': {'GK': (9.1, 39.9), 'LCB': (16.7, 38.4), 'RCB': (20.5, 48.3), 'LB': (21.1, 25.8), 'RB': (20.5, 60.2), 'LCM': (35.7, 30.0), 'RCM': (35.8, 54.6), 'CDM': (28.4, 39.7), 'LW': (46.8, 25.6), 'ST': (44.4, 41.2), 'RW': (45.3, 57.7)}, 'away': {'GK': (70.2, 41.6), 'LCB': (58.1, 47.7), 'RCB': (55.2, 40.3), 'LB': (58.5, 61.2), 'RB': (61.0, 28.5), 'LCM': (43.9, 54.1), 'RCM': (43.6, 28.0), 'CDM': (51.0, 40.5), 'LW': (37.8, 57.6), 'ST': (35.0, 42.5), 'RW': (35.1, 22.5)}}","(37.8, 57.6)","(70.2, 41.6)"
long,41.3,0.1,failed,"{'home': {'GK': (6.7, 39.9), 'LCB': (15.8, 37.8), 'RCB': (20.3, 48.2), 'LB': (20.4, 24.9), 'RB': (18.8, 58.6), 'LCM': (33.5, 29.7), 'RCM': (35.2, 54.5), 'CDM': (27.4, 40.1), 'LW': (45.4, 24.5), 'ST': (43.9, 40.1), 'RW': (43.5, 57.4)}, 'away': {'GK': (69.5, 40.8), 'LCB': (57.3, 46.6), 'RCB': (55.1, 39.7), 'LB': (56.6, 60.3), 'RB': (60.1, 28.4), 'LCM': (43.5, 53.7), 'RCM': (40.0, 28.6), 'CDM': (50.0, 40.5), 'LW': (36.0, 58.9), 'ST': (32.1, 43.4), 'RW': (33.3, 20.9)}}","(69.5, 40.8)","(33.3, 20.9)"
medium,38.8,0.3,success,"{'home': {'GK': (7.5, 42.3), 'LCB': (14.7, 38.8), 'RCB': (18.7, 46.3), 'LB': (22.8, 22.5), 'RB': (19.3, 56.5), 'LCM': (35.3, 28.5), 'RCM': (35.0, 55.4), 'CDM': (27.3, 39.3), 'LW': (47.4, 23.7), 'ST': (44.8, 42.1), 'RW': (43.3, 59.6)}, 'away': {'GK': (69.5, 39.9), 'LCB': (57.5, 44.7), 'RCB': (54.8, 39.5), 'LB': (57.5, 60.5), 'RB': (58.6, 26.3), 'LCM': (44.7, 53.7), 'RCM': (40.9, 29.4), 'CDM': (48.8, 38.9), 'LW': (37.5, 58.9), 'ST': (31.8, 41.7), 'RW': (35.1, 21.8)}}","(69.5, 39.9)","(35.1, 21.8)"
,nan,0.0,success,"{'home': {'GK': (5.9, 41.6), 'LCB': (14.4, 38.2), 'RCB': (16.8, 43.9), 'LB': (21.6, 22.5), 'RB': (16.4, 56.4), 'LCM': (33.9, 28.4), 'RCM': (34.3, 52.6), 'CDM': (27.4, 38.2), 'LW': (45.8, 24.0), 'ST': (43.5, 41.4), 'RW': (41.1, 58.8)}, 'away': {'GK': (69.5, 39.4), 'LCB': (57.8, 46.3), 'RCB': (52.4, 40.7), 'LB': (54.7, 60.0), 'RB': (56.1, 26.1), 'LCM': (42.7, 55.3), 'RCM': (39.7, 29.2), 'CDM': (47.0, 37.4), 'LW': (36.4, 57.5), 'ST': (30.4, 40.2), 'RW': (31.6, 23.3)}}","(31.6, 23.3)","(69.5, 39.4)"
medium,26.7,0.0,failed,"{'home': {'GK': (4.3, 41.8), 'LCB': (13.1, 38.4), 'RCB': (15.2, 42.8), 'LB': (18.8, 23.7), 'RB': (15.2, 55.8), 'LCM': (33.2, 27.9), 'RCM': (32.9, 51.3), 'CDM': (25.4, 38.6), 'LW': (43.5, 24.7), 'ST': (42.5, 41.4), 'RW': (41.6, 57.6)}, 'away': {'GK': (69.5, 37.8), 'LCB': (56.0, 47.3), 'RCB': (50.5, 39.5), 'LB': (52.9, 58.7), 'RB': (54.0, 24.5), 'LCM': (43.5, 56.4), 'RCM': (38.4, 29.4), 'CDM': (44.7, 37.4), 'LW': (35.3, 56.0), 'ST': (29.6, 38.4), 'RW': (29.6, 23.5)}}","(69.5, 37.8)","(52.9, 58.7)"
medium,31.1,0.0,success,"{'home': {'GK': (4.7, 40.0), 'LCB': (16.0, 38.5), 'RCB': (17.5, 44.6), 'LB': (21.6, 24.4), 'RB': (18.3, 55.9), 'LCM': (35.3, 26.4), 'RCM': (32.9, 52.3), 'CDM': (27.3, 39.1), 'LW': (44.6, 23.3), 'ST': (45.0, 39.9), 'RW': (42.5, 58.2)}, 'away': {'GK': (71.0, 38.1), 'LCB': (60.2, 47.7), 'RCB': (54.6, 38.1), 'LB': (55.4, 57.7), 'RB': (57.2, 23.5), 'LCM': (46.1, 55.6), 'RCM': (40.6, 29.3), 'CDM': (47.0, 37.4), 'LW': (36.5, 55.1), 'ST': (30.6, 38.6), 'RW': (31.1, 23.2)}}","(45.0, 39.9)","(18.3, 55.9)"
short,12.5,0.0,success,"{'home': {'GK': (7.3, 39.7), 'LCB': (16.9, 36.6), 'RCB': (21.5, 44.5), 'LB': (24.2, 24.3), 'RB': (20.9, 56.9), 'LCM': (37.8, 25.9), 'RCM': (32.3, 52.7), 'CDM': (29.3, 38.2), 'LW': (46.2, 24.0), 'ST': (45.7, 40.6), 'RW': (45.7, 56.9)}, 'away': {'GK': (72.9, 38.2), 'LCB': (62.8, 47.0), 'RCB': (57.3, 38.1), 'LB': (58.4, 58.6), 'RB': (59.9, 23.5), 'LCM': (47.6, 56.3), 'RCM': (41.9, 30.5), 'CDM': (48.3, 39.2), 'LW': (37.8, 56.6), 'ST': (34.1, 40.0), 'RW': (34.6, 23.7)}}","(20.9, 56.9)","(21.5, 44.5)"
short,15.1,0.0,success,"{'home': {'GK': (9.2, 40.3), 'LCB': (20.1, 38.1), 'RCB': (23.7, 43.4), 'LB': (24.4, 22.6), 'RB': (21.2, 58.3), 'LCM': (39.2, 26.7), 'RCM': (36.4, 51.9), 'CDM': (29.2, 36.8), 'LW': (46.9, 23.1), 'ST': (48.0, 42.3), 'RW': (48.2, 58.9)}, 'away': {'GK': (73.6, 38.0), 'LCB': (64.2, 46.6), 'RCB': (59.6, 37.4), 'LB': (59.3, 57.9), 'RB': (60.5, 23.6), 'LCM': (49.1, 55.5), 'RCM': (45.6, 30.9), 'CDM': (50.6, 39.2), 'LW': (38.4, 56.6), 'ST': (36.3, 40.4), 'RW': (37.8, 24.9)}}","(23.7, 43.4)","(21.2, 58.3)"
medium,22.2,0.0,success,"{'home': {'GK': (10.5, 42.3), 'LCB': (23.2, 35.8), 'RCB': (25.9, 43.2), 'LB': (27.3, 23.2), 'RB': (29.1, 57.2), 'LCM': (40.2, 25.7), 'RCM': (41.3, 51.8), 'CDM': (31.4, 36.1), 'LW': (49.5, 22.4), 'ST': (53.7, 43.9), 'RW': (51.8, 60.2)}, 'away': {'GK': (76.2, 39.9), 'LCB': (65.6, 49.0), 'RCB': (62.9, 39.9), 'LB': (61.1, 56.5), 'RB': (65.6, 26.4), 'LCM': (49.3, 56.7), 'RCM': (46.8, 31.8), 'CDM': (52.7, 40.6), 'LW': (40.1, 57.8), 'ST': (39.7, 42.7), 'RW': (38.9, 26.7)}}","(29.1, 57.2)","(23.2, 35.8)"
short,9.3,0.0,success,"{'home': {'GK': (10.5, 41.4), 'LCB': (23.1, 34.3), 'RCB': (29.5, 41.1), 'LB': (29.5, 21.3), 'RB': (29.5, 59.7), 'LCM': (43.0, 24.9), 'RCM': (43.5, 52.8), 'CDM': (33.5, 37.5), 'LW': (50.5, 20.5), 'ST': (57.0, 46.0), 'RW': (54.3, 60.0)}, 'away': {'GK': (78.0, 38.3), 'LCB': (68.1, 45.6), 'RCB': (64.1, 38.4), 'LB': (62.7, 55.3), 'RB': (66.9, 25.9), 'LCM': (48.3, 54.9), 'RCM': (51.2, 30.6), 'CDM': (55.1, 40.2), 'LW': (40.7, 55.4), 'ST': (43.4, 41.1), 'RW': (41.8, 25.4)}}","(23.1, 34.3)","(29.5, 41.1)"
short,5.4,0.0,success,"{'home': {'GK': (10.5, 41.6), 'LCB': (27.0, 33.6), 'RCB': (29.5, 41.4), 'LB': (29.5, 21.4), 'RB': (29.5, 58.3), 'LCM': (44.6, 25.9), 'RCM': (43.8, 51.8), 'CDM': (33.4, 37.7), 'LW': (51.0, 21.2), 'ST': (55.8, 44.4), 'RW': (57.9, 60.7)}, 'away': {'GK': (78.9, 38.9), 'LCB': (68.4, 46.1), 'RCB': (63.7, 38.7), 'LB': (65.0, 55.7), 'RB': (68.5, 26.9), 'LCM': (48.1, 54.8), 'RCM': (52.0, 30.0), 'CDM': (56.2, 41.1), 'LW': (42.4, 54.3), 'ST': (43.7, 40.8), 'RW': (40.4, 24.8)}}","(29.5, 41.4)","(33.4, 37.7)"
short,10.2,0.0,failed,"{'home': {'GK': (10.5, 39.7), 'LCB': (26.1, 34.7), 'RCB': (29.5, 42.7), 'LB': (29.5, 20.2), 'RB': (29.5, 56.9), 'LCM': (46.5, 25.6), 'RCM': (45.1, 50.6), 'CDM': (36.0, 36.9), 'LW': (51.4, 22.1), 'ST': (56.1, 44.1), 'RW': (60.6, 59.9)}, 'away': {'GK': (79.2, 40.1), 'LCB': (67.5, 46.1), 'RCB': (64.1, 37.9), 'LB': (65.1, 56.2), 'RB': (69.3, 27.5), 'LCM': (48.6, 52.8), 'RCM': (53.3, 29.0), 'CDM': (58.6, 41.6), 'LW': (41.9, 55.2), 'ST': (42.8, 39.4), 'RW': (41.6, 25.4)}}","(36.0, 36.9)","(26.1, 34.7)"
medium,20.3,0.0,success,"{'home': {'GK': (9.2, 39.4), 'LCB': (23.7, 34.1), 'RCB': (27.3, 43.6), 'LB': (27.8, 20.3), 'RB': (26.8, 55.5), 'LCM': (41.9, 25.2), 'RCM': (42.0, 50.4), 'CDM': (33.6, 37.9), 'LW': (50.0, 23.0), 'ST': (51.1, 42.5), 'RW': (57.5, 58.8)}, 'away': {'GK': (76.1, 40.4), 'LCB': (63.1, 45.1), 'RCB': (61.7, 38.5), 'LB': (62.3, 58.0), 'RB': (64.4, 25.5), 'LCM': (46.3, 52.7), 'RCM': (48.9, 27.7), 'CDM': (55.8, 40.6), 'LW': (40.3, 55.8), 'ST': (41.5, 40.5), 'RW': (40.3, 26.6)}}","(41.5, 40.5)","(61.7, 38.5)"
medium,29.8,0.1,success,"{'home': {'GK': (7.0, 38.3), 'LCB': (20.8, 35.2), 'RCB': (24.8, 43.5), 'LB': (25.4, 21.5), 'RB': (25.8, 55.7), 'LCM': (38.7, 24.7), 'RCM': (39.7, 49.8), 'CDM': (30.9, 37.2), 'LW': (47.8, 22.3), 'ST': (48.4, 41.4), 'RW': (53.2, 59.1)}, 'away': {'GK': (76.3, 39.3), 'LCB': (62.3, 45.0), 'RCB': (59.9, 39.9), 'LB': (61.3, 59.0), 'RB': (62.4, 25.9), 'LCM': (42.6, 53.2), 'RCM': (46.9, 29.2), 'CDM': (54.2, 39.9), 'LW': (36.2, 57.9), 'ST': (37.8, 40.4), 'RW': (38.9, 27.5)}}","(59.9, 39.9)","(36.2, 57.9)"
,nan,0.0,success,"{'home': {'GK': (6.6, 38.5), 'LCB': (18.9, 37.4), 'RCB': (22.2, 44.2), 'LB': (22.6, 23.7), 'RB': (22.9, 57.2), 'LCM': (36.3, 25.6), 'RCM': (37.8, 51.0), 'CDM': (29.7, 37.5), 'LW': (47.0, 23.9), 'ST': (47.1, 41.6), 'RW': (49.1, 58.1)}, 'away': {'GK': (73.3, 37.9), 'LCB': (62.0, 43.8), 'RCB': (57.6, 40.9), 'LB': (57.3, 57.6), 'RB': (59.4, 23.8), 'LCM': (43.3, 52.7), 'RCM': (45.9, 27.8), 'CDM': (50.3, 38.7), 'LW': (34.9, 59.1), 'ST': (33.5, 40.1), 'RW': (36.7, 25.2)}}","(34.9, 59.1)","(73.3, 37.9)"
long,42.2,0.1,failed,"{'home': {'GK': (5.7, 39.7), 'LCB': (16.0, 35.9), 'RCB': (20.2, 43.6), 'LB': (21.0, 25.0), 'RB': (19.7, 56.0), 'LCM': (34.2, 25.6), 'RCM': (35.2, 51.3), 'CDM': (29.2, 38.9), 'LW': (44.3, 23.6), 'ST': (44.4, 41.2), 'RW': (46.3, 58.2)}, 'away': {'GK': (69.5, 39.0), 'LCB': (58.8, 44.6), 'RCB': (56.1, 40.1), 'LB': (53.2, 58.0), 'RB': (58.8, 23.9), 'LCM': (40.9, 53.5), 'RCM': (45.7, 27.7), 'CDM': (50.1, 37.7), 'LW': (33.1, 60.5), 'ST': (31.4, 39.2), 'RW': (36.3, 25.4)}}","(69.5, 39.0)","(33.1, 60.5)"
medium,24.1,0.0,success,"{'home': {'GK': (10.5, 38.5), 'LCB': (19.0, 34.6), 'RCB': (23.3, 42.3), 'LB': (21.6, 23.3), 'RB': (22.4, 57.7), 'LCM': (36.6, 26.2), 'RCM': (38.5, 52.1), 'CDM': (31.5, 37.4), 'LW': (44.6, 23.5), 'ST': (47.4, 42.3), 'RW': (47.5, 59.4)}, 'away': {'GK': (71.8, 38.3), 'LCB': (60.0, 43.9), 'RCB': (57.4, 40.3), 'LB': (55.8, 57.1), 'RB': (59.5, 23.5), 'LCM': (42.1, 54.0), 'RCM': (48.7, 26.9), 'CDM': (50.2, 37.9), 'LW': (34.1, 58.1), 'ST': (34.1, 38.7), 'RW': (38.5, 24.6)}}","(47.4, 42.3)","(23.3, 42.3)"
short,9.9,0.0,success,"{'home': {'GK': (10.5, 38.0), 'LCB': (21.5, 33.2), 'RCB': (25.2, 42.4), 'LB': (21.1, 22.6), 'RB': (22.9, 57.6), 'LCM': (40.5, 24.4), 'RCM': (40.9, 52.6), 'CDM': (33.0, 38.7), 'LW': (45.0, 24.0), 'ST': (49.3, 41.2), 'RW': (49.3, 60.1)}, 'away': {'GK': (72.6, 37.8), 'LCB': (59.8, 43.2), 'RCB': (58.5, 39.6), 'LB': (58.1, 56.7), 'RB': (61.0, 24.7), 'LCM': (44.3, 52.9), 'RCM': (50.4, 26.2), 'CDM': (51.8, 39.0), 'LW': (36.8, 57.7), 'ST': (36.1, 37.9), 'RW': (40.0, 26.0)}}","(25.2, 42.4)","(21.5, 33.2)"
short,10.0,0.0,success,"{'home': {'GK': (10.5, 37.8), 'LCB': (22.7, 31.7), 'RCB': (24.8, 41.4), 'LB': (22.4, 23.0), 'RB': (23.5, 56.2), 'LCM': (41.2, 24.2), 'RCM': (39.9, 51.8), 'CDM': (35.7, 38.1), 'LW': (45.6, 25.1), 'ST': (49.6, 42.1), 'RW': (51.1, 59.9)}, 'away': {'GK': (72.8, 39.0), 'LCB': (59.6, 42.0), 'RCB': (59.4, 38.1), 'LB': (59.9, 56.8), 'RB': (62.5, 25.6), 'LCM': (46.2, 51.5), 'RCM': (51.1, 26.6), 'CDM': (54.4, 39.8), 'LW': (37.3, 55.6), 'ST': (38.9, 38.7), 'RW': (40.5, 26.6)}}","(22.7, 31.7)","(24.8, 41.4)"
short,11.8,0.0,success,"{'home': {'GK': (10.5, 38.9), 'LCB': (22.5, 31.4), 'RCB': (24.6, 43.1), 'LB': (22.6, 21.7), 'RB': (22.7, 54.9), 'LCM': (42.3, 24.3), 'RCM': (40.6, 53.4), 'CDM': (37.9, 37.1), 'LW': (49.3, 24.9), 'ST': (51.0, 42.3), 'RW': (53.1, 59.1)}, 'away': {'GK': (74.5, 39.4), 'LCB': (61.5, 43.2), 'RCB': (60.7, 37.4), 'LB': (61.7, 57.3), 'RB': (62.4, 26.5), 'LCM': (46.5, 50.6), 'RCM': (51.8, 26.0), 'CDM': (54.9, 39.3), 'LW': (39.7, 56.6), 'ST': (38.9, 39.5), 'RW': (40.7, 25.6)}}","(24.6, 43.1)","(22.5, 31.4)"
